Datetime;Open;High;Low;Close;Adj Close;Volume;ticker
2021-09-08 00:00:00+01:00;46818.80078125;46818.80078125;46818.80078125;46818.80078125;46818.80078125;0;BTC-USD
2021-09-08 00:01:00+01:00;46754.2421875;46754.2421875;46754.2421875;46754.2421875;46754.2421875;0;BTC-USD
2021-09-08 00:02:00+01:00;46713.31640625;46713.31640625;46713.31640625;46713.31640625;46713.31640625;0;BTC-USD
2021-09-08 00:03:00+01:00;46721.53515625;46721.53515625;46721.53515625;46721.53515625;46721.53515625;0;BTC-USD
2021-09-08 00:04:00+01:00;46747.59375;46747.59375;46747.59375;46747.59375;46747.59375;0;BTC-USD
2021-09-08 00:05:00+01:00;46732.21484375;46732.21484375;46732.21484375;46732.21484375;46732.21484375;6135808;BTC-USD
2021-09-08 00:06:00+01:00;46757.671875;46757.671875;46757.671875;46757.671875;46757.671875;0;BTC-USD
2021-09-08 00:09:00+01:00;46625.3125;46625.3125;46625.3125;46625.3125;46625.3125;0;BTC-USD
2021-09-08 00:10:00+01:00;46610.53125;46610.53125;46610.53125;46610.53125;46610.53125;0;BTC-USD
2021-09-08 00:11:00+01:00;46594.296875;46594.296875;46594.296875;46594.296875;46594.296875;0;BTC-USD
2021-09-08 00:12:00+01:00;46577.64453125;46577.64453125;46577.64453125;46577.64453125;46577.64453125;0;BTC-USD
2021-09-08 00:13:00+01:00;46581.6171875;46581.6171875;46581.6171875;46581.6171875;46581.6171875;0;BTC-USD
2021-09-08 00:14:00+01:00;46552.48046875;46552.48046875;46552.48046875;46552.48046875;46552.48046875;0;BTC-USD
2021-09-08 00:15:00+01:00;46604.40625;46604.40625;46604.40625;46604.40625;46604.40625;10264576;BTC-USD
2021-09-08 00:16:00+01:00;46640.8203125;46640.8203125;46640.8203125;46640.8203125;46640.8203125;41074688;BTC-USD
2021-09-08 00:17:00+01:00;46689.98828125;46689.98828125;46689.98828125;46689.98828125;46689.98828125;41705472;BTC-USD
2021-09-08 00:19:00+01:00;46771.5546875;46771.5546875;46771.5546875;46771.5546875;46771.5546875;86827008;BTC-USD
2021-09-08 00:21:00+01:00;46791.22265625;46791.22265625;46791.22265625;46791.22265625;46791.22265625;38793216;BTC-USD
2021-09-08 00:22:00+01:00;46840.78125;46840.78125;46840.78125;46840.78125;46840.78125;64344064;BTC-USD
2021-09-08 00:23:00+01:00;46837.60546875;46837.60546875;46837.60546875;46837.60546875;46837.60546875;21131264;BTC-USD
2021-09-08 00:24:00+01:00;46866.796875;46866.796875;46866.796875;46866.796875;46866.796875;9744384;BTC-USD
2021-09-08 00:25:00+01:00;46848.15234375;46848.15234375;46848.15234375;46848.15234375;46848.15234375;20508672;BTC-USD
2021-09-08 00:26:00+01:00;46920.6015625;46920.6015625;46920.6015625;46920.6015625;46920.6015625;21209088;BTC-USD
2021-09-08 00:27:00+01:00;47102.84375;47102.84375;47102.84375;47102.84375;47102.84375;104910848;BTC-USD
2021-09-08 00:28:00+01:00;47197.578125;47197.578125;47197.578125;47197.578125;47197.578125;173060096;BTC-USD
2021-09-08 00:29:00+01:00;47178.5;47178.5;47178.5;47178.5;47178.5;40468480;BTC-USD
2021-09-08 00:30:00+01:00;47130.8984375;47130.8984375;47130.8984375;47130.8984375;47130.8984375;0;BTC-USD
2021-09-08 00:31:00+01:00;47111.06640625;47111.06640625;47111.06640625;47111.06640625;47111.06640625;7331840;BTC-USD
2021-09-08 00:32:00+01:00;47010.16015625;47010.16015625;47010.16015625;47010.16015625;47010.16015625;0;BTC-USD
2021-09-08 00:33:00+01:00;47010.40625;47010.40625;47010.40625;47010.40625;47010.40625;0;BTC-USD
2021-09-08 00:34:00+01:00;47009.09375;47009.09375;47009.09375;47009.09375;47009.09375;0;BTC-USD
2021-09-08 00:35:00+01:00;46989.1953125;46989.1953125;46989.1953125;46989.1953125;46989.1953125;0;BTC-USD
2021-09-08 00:36:00+01:00;46923.0390625;46923.0390625;46923.0390625;46923.0390625;46923.0390625;0;BTC-USD
2021-09-08 00:37:00+01:00;46903.5546875;46903.5546875;46903.5546875;46903.5546875;46903.5546875;0;BTC-USD
2021-09-08 00:38:00+01:00;46878.3125;46878.3125;46878.3125;46878.3125;46878.3125;0;BTC-USD
2021-09-08 00:39:00+01:00;46841.5703125;46841.5703125;46841.5703125;46841.5703125;46841.5703125;0;BTC-USD
2021-09-08 00:40:00+01:00;46818.16796875;46818.16796875;46818.16796875;46818.16796875;46818.16796875;0;BTC-USD
2021-09-08 00:41:00+01:00;46760.8046875;46760.8046875;46760.8046875;46760.8046875;46760.8046875;0;BTC-USD
2021-09-08 00:42:00+01:00;46764.51953125;46764.51953125;46764.51953125;46764.51953125;46764.51953125;0;BTC-USD
2021-09-08 00:43:00+01:00;46772.94140625;46772.94140625;46772.94140625;46772.94140625;46772.94140625;0;BTC-USD
2021-09-08 00:44:00+01:00;46787.8359375;46787.8359375;46787.8359375;46787.8359375;46787.8359375;17932288;BTC-USD
2021-09-08 00:45:00+01:00;46865.00390625;46865.00390625;46865.00390625;46865.00390625;46865.00390625;53620736;BTC-USD
2021-09-08 00:46:00+01:00;46798.21484375;46798.21484375;46798.21484375;46798.21484375;46798.21484375;20000768;BTC-USD
2021-09-08 00:47:00+01:00;46853.0;46853.0;46853.0;46853.0;46853.0;6516736;BTC-USD
2021-09-08 00:48:00+01:00;46773.30078125;46773.30078125;46773.30078125;46773.30078125;46773.30078125;0;BTC-USD
2021-09-08 00:49:00+01:00;46858.6875;46858.6875;46858.6875;46858.6875;46858.6875;7618560;BTC-USD
2021-09-08 00:50:00+01:00;46895.140625;46895.140625;46895.140625;46895.140625;46895.140625;51580928;BTC-USD
2021-09-08 00:51:00+01:00;47000.98046875;47000.98046875;47000.98046875;47000.98046875;47000.98046875;72724480;BTC-USD
2021-09-08 00:52:00+01:00;46910.421875;46910.421875;46910.421875;46910.421875;46910.421875;83959808;BTC-USD
2021-09-08 00:53:00+01:00;46861.578125;46861.578125;46861.578125;46861.578125;46861.578125;0;BTC-USD
2021-09-08 00:54:00+01:00;46932.2734375;46932.2734375;46932.2734375;46932.2734375;46932.2734375;12972032;BTC-USD
2021-09-08 00:55:00+01:00;46801.58203125;46801.58203125;46801.58203125;46801.58203125;46801.58203125;0;BTC-USD
2021-09-08 00:56:00+01:00;46836.00390625;46836.00390625;46836.00390625;46836.00390625;46836.00390625;0;BTC-USD
2021-09-08 00:57:00+01:00;46795.2109375;46795.2109375;46795.2109375;46795.2109375;46795.2109375;0;BTC-USD
2021-09-08 00:58:00+01:00;46820.29296875;46820.29296875;46820.29296875;46820.29296875;46820.29296875;0;BTC-USD
2021-09-08 00:59:00+01:00;46811.12890625;46811.12890625;46811.12890625;46811.12890625;46811.12890625;19894272;BTC-USD
2021-09-08 01:00:00+01:00;46827.76171875;46827.76171875;46827.76171875;46827.76171875;46827.76171875;2699264;BTC-USD
2021-09-08 01:01:00+01:00;46987.14453125;46987.14453125;46987.14453125;46987.14453125;46987.14453125;52187136;BTC-USD
2021-09-08 01:02:00+01:00;46784.4296875;46784.4296875;46784.4296875;46784.4296875;46784.4296875;0;BTC-USD
2021-09-08 01:03:00+01:00;46843.73046875;46843.73046875;46843.73046875;46843.73046875;46843.73046875;0;BTC-USD
2021-09-08 01:04:00+01:00;46799.2578125;46799.2578125;46799.2578125;46799.2578125;46799.2578125;0;BTC-USD
2021-09-08 01:05:00+01:00;46683.3359375;46683.3359375;46683.3359375;46683.3359375;46683.3359375;0;BTC-USD
2021-09-08 01:06:00+01:00;46705.30078125;46705.30078125;46705.30078125;46705.30078125;46705.30078125;0;BTC-USD
2021-09-08 01:07:00+01:00;46618.7578125;46618.7578125;46618.7578125;46618.7578125;46618.7578125;0;BTC-USD
2021-09-08 01:08:00+01:00;46494.2578125;46494.2578125;46494.2578125;46494.2578125;46494.2578125;0;BTC-USD
2021-09-08 01:09:00+01:00;46524.34765625;46524.34765625;46524.34765625;46524.34765625;46524.34765625;0;BTC-USD
2021-09-08 01:10:00+01:00;46577.26953125;46577.26953125;46577.26953125;46577.26953125;46577.26953125;0;BTC-USD
2021-09-08 01:11:00+01:00;46669.3125;46669.3125;46669.3125;46669.3125;46669.3125;60510208;BTC-USD
2021-09-08 01:12:00+01:00;46732.19921875;46732.19921875;46732.19921875;46732.19921875;46732.19921875;70766592;BTC-USD
2021-09-08 01:13:00+01:00;46868.96484375;46868.96484375;46868.96484375;46868.96484375;46868.96484375;168906752;BTC-USD
2021-09-08 01:14:00+01:00;46713.18359375;46713.18359375;46713.18359375;46713.18359375;46713.18359375;430080;BTC-USD
2021-09-08 01:15:00+01:00;46679.6484375;46679.6484375;46679.6484375;46679.6484375;46679.6484375;0;BTC-USD
2021-09-08 01:16:00+01:00;46782.02734375;46782.02734375;46782.02734375;46782.02734375;46782.02734375;20828160;BTC-USD
2021-09-08 01:17:00+01:00;46678.60546875;46678.60546875;46678.60546875;46678.60546875;46678.60546875;0;BTC-USD
2021-09-08 01:18:00+01:00;46607.9453125;46607.9453125;46607.9453125;46607.9453125;46607.9453125;0;BTC-USD
2021-09-08 01:19:00+01:00;46643.6171875;46643.6171875;46643.6171875;46643.6171875;46643.6171875;0;BTC-USD
2021-09-08 01:20:00+01:00;46606.3984375;46606.3984375;46606.3984375;46606.3984375;46606.3984375;0;BTC-USD
2021-09-08 01:21:00+01:00;46652.2734375;46652.2734375;46652.2734375;46652.2734375;46652.2734375;0;BTC-USD
2021-09-08 01:22:00+01:00;46679.54296875;46679.54296875;46679.54296875;46679.54296875;46679.54296875;18456576;BTC-USD
2021-09-08 01:23:00+01:00;46766.91015625;46766.91015625;46766.91015625;46766.91015625;46766.91015625;50114560;BTC-USD
2021-09-08 01:24:00+01:00;46774.6328125;46774.6328125;46774.6328125;46774.6328125;46774.6328125;39448576;BTC-USD
2021-09-08 01:25:00+01:00;46788.08203125;46788.08203125;46788.08203125;46788.08203125;46788.08203125;54026240;BTC-USD
2021-09-08 01:26:00+01:00;46785.671875;46785.671875;46785.671875;46785.671875;46785.671875;0;BTC-USD
2021-09-08 01:27:00+01:00;46814.22265625;46814.22265625;46814.22265625;46814.22265625;46814.22265625;6762496;BTC-USD
2021-09-08 01:28:00+01:00;46845.33203125;46845.33203125;46845.33203125;46845.33203125;46845.33203125;0;BTC-USD
2021-09-08 01:29:00+01:00;46877.1953125;46877.1953125;46877.1953125;46877.1953125;46877.1953125;40873984;BTC-USD
2021-09-08 01:30:00+01:00;46896.51953125;46896.51953125;46896.51953125;46896.51953125;46896.51953125;30400512;BTC-USD
2021-09-08 01:31:00+01:00;46956.6328125;46956.6328125;46956.6328125;46956.6328125;46956.6328125;110006272;BTC-USD
2021-09-08 01:32:00+01:00;46976.61328125;46976.61328125;46976.61328125;46976.61328125;46976.61328125;35352576;BTC-USD
2021-09-08 01:33:00+01:00;47049.60546875;47049.60546875;47049.60546875;47049.60546875;47049.60546875;40329216;BTC-USD
2021-09-08 01:34:00+01:00;46954.6953125;46954.6953125;46954.6953125;46954.6953125;46954.6953125;61812736;BTC-USD
2021-09-08 01:35:00+01:00;47081.95703125;47081.95703125;47081.95703125;47081.95703125;47081.95703125;29941760;BTC-USD
2021-09-08 01:36:00+01:00;47075.0546875;47075.0546875;47075.0546875;47075.0546875;47075.0546875;51441664;BTC-USD
2021-09-08 01:37:00+01:00;46997.31640625;46997.31640625;46997.31640625;46997.31640625;46997.31640625;0;BTC-USD
2021-09-08 01:38:00+01:00;46987.8359375;46987.8359375;46987.8359375;46987.8359375;46987.8359375;0;BTC-USD
2021-09-08 01:39:00+01:00;46966.7109375;46966.7109375;46966.7109375;46966.7109375;46966.7109375;0;BTC-USD
2021-09-08 01:40:00+01:00;46953.8671875;46953.8671875;46953.8671875;46953.8671875;46953.8671875;0;BTC-USD
2021-09-08 01:41:00+01:00;46962.609375;46962.609375;46962.609375;46962.609375;46962.609375;0;BTC-USD
2021-09-08 01:42:00+01:00;46990.37890625;46990.37890625;46990.37890625;46990.37890625;46990.37890625;14430208;BTC-USD
2021-09-08 01:43:00+01:00;47032.828125;47032.828125;47032.828125;47032.828125;47032.828125;11984896;BTC-USD
2021-09-08 01:44:00+01:00;47033.30859375;47033.30859375;47033.30859375;47033.30859375;47033.30859375;12410880;BTC-USD
2021-09-08 01:45:00+01:00;47044.2734375;47044.2734375;47044.2734375;47044.2734375;47044.2734375;22687744;BTC-USD
2021-09-08 01:46:00+01:00;47059.5625;47059.5625;47059.5625;47059.5625;47059.5625;36007936;BTC-USD
2021-09-08 01:47:00+01:00;47047.09765625;47047.09765625;47047.09765625;47047.09765625;47047.09765625;0;BTC-USD
2021-09-08 01:48:00+01:00;47022.6171875;47022.6171875;47022.6171875;47022.6171875;47022.6171875;0;BTC-USD
2021-09-08 01:49:00+01:00;47005.5234375;47005.5234375;47005.5234375;47005.5234375;47005.5234375;0;BTC-USD
2021-09-08 01:50:00+01:00;47027.04296875;47027.04296875;47027.04296875;47027.04296875;47027.04296875;6791168;BTC-USD
2021-09-08 01:51:00+01:00;47033.765625;47033.765625;47033.765625;47033.765625;47033.765625;13533184;BTC-USD
2021-09-08 01:52:00+01:00;47052.69921875;47052.69921875;47052.69921875;47052.69921875;47052.69921875;9474048;BTC-USD
2021-09-08 01:53:00+01:00;47056.05078125;47056.05078125;47056.05078125;47056.05078125;47056.05078125;19775488;BTC-USD
2021-09-08 01:54:00+01:00;47050.984375;47050.984375;47050.984375;47050.984375;47050.984375;3022848;BTC-USD
2021-09-08 01:55:00+01:00;47123.6640625;47123.6640625;47123.6640625;47123.6640625;47123.6640625;61485056;BTC-USD
2021-09-08 01:56:00+01:00;47064.69140625;47064.69140625;47064.69140625;47064.69140625;47064.69140625;15622144;BTC-USD
2021-09-08 01:57:00+01:00;47100.40625;47100.40625;47100.40625;47100.40625;47100.40625;6897664;BTC-USD
2021-09-08 01:58:00+01:00;47065.81640625;47065.81640625;47065.81640625;47065.81640625;47065.81640625;22597632;BTC-USD
2021-09-08 01:59:00+01:00;47073.0;47073.0;47073.0;47073.0;47073.0;815104;BTC-USD
2021-09-08 02:00:00+01:00;47067.37890625;47067.37890625;47067.37890625;47067.37890625;47067.37890625;3690496;BTC-USD
2021-09-08 02:01:00+01:00;47097.0234375;47097.0234375;47097.0234375;47097.0234375;47097.0234375;4923392;BTC-USD
2021-09-08 02:02:00+01:00;47076.62890625;47076.62890625;47076.62890625;47076.62890625;47076.62890625;0;BTC-USD
2021-09-08 02:03:00+01:00;47028.828125;47028.828125;47028.828125;47028.828125;47028.828125;0;BTC-USD
2021-09-08 02:04:00+01:00;46979.73046875;46979.73046875;46979.73046875;46979.73046875;46979.73046875;0;BTC-USD
2021-09-08 02:05:00+01:00;46950.71484375;46950.71484375;46950.71484375;46950.71484375;46950.71484375;0;BTC-USD
2021-09-08 02:06:00+01:00;46930.6953125;46930.6953125;46930.6953125;46930.6953125;46930.6953125;0;BTC-USD
2021-09-08 02:07:00+01:00;46876.86328125;46876.86328125;46876.86328125;46876.86328125;46876.86328125;0;BTC-USD
2021-09-08 02:08:00+01:00;46893.76953125;46893.76953125;46893.76953125;46893.76953125;46893.76953125;0;BTC-USD
2021-09-08 02:09:00+01:00;46883.48046875;46883.48046875;46883.48046875;46883.48046875;46883.48046875;864256;BTC-USD
2021-09-08 02:10:00+01:00;46876.12109375;46876.12109375;46876.12109375;46876.12109375;46876.12109375;0;BTC-USD
2021-09-08 02:11:00+01:00;46804.77734375;46804.77734375;46804.77734375;46804.77734375;46804.77734375;0;BTC-USD
2021-09-08 02:12:00+01:00;46818.3046875;46818.3046875;46818.3046875;46818.3046875;46818.3046875;0;BTC-USD
2021-09-08 02:13:00+01:00;46826.34375;46826.34375;46826.34375;46826.34375;46826.34375;0;BTC-USD
2021-09-08 02:14:00+01:00;46796.92578125;46796.92578125;46796.92578125;46796.92578125;46796.92578125;0;BTC-USD
2021-09-08 02:15:00+01:00;46806.2265625;46806.2265625;46806.2265625;46806.2265625;46806.2265625;0;BTC-USD
2021-09-08 02:16:00+01:00;46843.44140625;46843.44140625;46843.44140625;46843.44140625;46843.44140625;8085504;BTC-USD
2021-09-08 02:17:00+01:00;46805.29296875;46805.29296875;46805.29296875;46805.29296875;46805.29296875;2379776;BTC-USD
2021-09-08 02:18:00+01:00;46852.48046875;46852.48046875;46852.48046875;46852.48046875;46852.48046875;0;BTC-USD
2021-09-08 02:19:00+01:00;46855.8046875;46855.8046875;46855.8046875;46855.8046875;46855.8046875;0;BTC-USD
2021-09-08 02:20:00+01:00;46896.65234375;46896.65234375;46896.65234375;46896.65234375;46896.65234375;23846912;BTC-USD
2021-09-08 02:21:00+01:00;46926.20703125;46926.20703125;46926.20703125;46926.20703125;46926.20703125;25055232;BTC-USD
2021-09-08 02:22:00+01:00;46880.390625;46880.390625;46880.390625;46880.390625;46880.390625;19283968;BTC-USD
2021-09-08 02:23:00+01:00;46851.34375;46851.34375;46851.34375;46851.34375;46851.34375;0;BTC-USD
2021-09-08 02:24:00+01:00;46896.80078125;46896.80078125;46896.80078125;46896.80078125;46896.80078125;11190272;BTC-USD
2021-09-08 02:25:00+01:00;46859.5625;46859.5625;46859.5625;46859.5625;46859.5625;0;BTC-USD
2021-09-08 02:26:00+01:00;46759.24609375;46759.24609375;46759.24609375;46759.24609375;46759.24609375;0;BTC-USD
2021-09-08 02:27:00+01:00;46838.32421875;46838.32421875;46838.32421875;46838.32421875;46838.32421875;0;BTC-USD
2021-09-08 02:28:00+01:00;46834.96484375;46834.96484375;46834.96484375;46834.96484375;46834.96484375;0;BTC-USD
2021-09-08 02:29:00+01:00;46870.515625;46870.515625;46870.515625;46870.515625;46870.515625;11812864;BTC-USD
2021-09-08 02:30:00+01:00;46852.3671875;46852.3671875;46852.3671875;46852.3671875;46852.3671875;8200192;BTC-USD
2021-09-08 02:31:00+01:00;46907.99609375;46907.99609375;46907.99609375;46907.99609375;46907.99609375;25870336;BTC-USD
2021-09-08 02:32:00+01:00;46926.6015625;46926.6015625;46926.6015625;46926.6015625;46926.6015625;30359552;BTC-USD
2021-09-08 02:33:00+01:00;46977.66796875;46977.66796875;46977.66796875;46977.66796875;46977.66796875;42061824;BTC-USD
2021-09-08 02:34:00+01:00;46980.76171875;46980.76171875;46980.76171875;46980.76171875;46980.76171875;13275136;BTC-USD
2021-09-08 02:35:00+01:00;47008.2265625;47008.2265625;47008.2265625;47008.2265625;47008.2265625;16576512;BTC-USD
2021-09-08 02:36:00+01:00;47013.38671875;47013.38671875;47013.38671875;47013.38671875;47013.38671875;22044672;BTC-USD
2021-09-08 02:37:00+01:00;47007.37890625;47007.37890625;47007.37890625;47007.37890625;47007.37890625;27672576;BTC-USD
2021-09-08 02:38:00+01:00;46997.5625;46997.5625;46997.5625;46997.5625;46997.5625;0;BTC-USD
2021-09-08 02:39:00+01:00;47037.04296875;47037.04296875;47037.04296875;47037.04296875;47037.04296875;16384000;BTC-USD
2021-09-08 02:40:00+01:00;47010.28515625;47010.28515625;47010.28515625;47010.28515625;47010.28515625;155648;BTC-USD
2021-09-08 02:41:00+01:00;46972.484375;46972.484375;46972.484375;46972.484375;46972.484375;0;BTC-USD
2021-09-08 02:42:00+01:00;46948.14453125;46948.14453125;46948.14453125;46948.14453125;46948.14453125;0;BTC-USD
2021-09-08 02:43:00+01:00;47004.10546875;47004.10546875;47004.10546875;47004.10546875;47004.10546875;0;BTC-USD
2021-09-08 02:44:00+01:00;47048.56640625;47048.56640625;47048.56640625;47048.56640625;47048.56640625;67432448;BTC-USD
2021-09-08 02:45:00+01:00;47077.72265625;47077.72265625;47077.72265625;47077.72265625;47077.72265625;33501184;BTC-USD
2021-09-08 02:46:00+01:00;47054.71484375;47054.71484375;47054.71484375;47054.71484375;47054.71484375;70692864;BTC-USD
2021-09-08 02:47:00+01:00;47039.03125;47039.03125;47039.03125;47039.03125;47039.03125;0;BTC-USD
2021-09-08 02:48:00+01:00;47017.78125;47017.78125;47017.78125;47017.78125;47017.78125;0;BTC-USD
2021-09-08 02:49:00+01:00;47038.2734375;47038.2734375;47038.2734375;47038.2734375;47038.2734375;0;BTC-USD
2021-09-08 02:50:00+01:00;47080.21484375;47080.21484375;47080.21484375;47080.21484375;47080.21484375;24272896;BTC-USD
2021-09-08 02:51:00+01:00;47052.44921875;47052.44921875;47052.44921875;47052.44921875;47052.44921875;2523136;BTC-USD
2021-09-08 02:52:00+01:00;47023.65625;47023.65625;47023.65625;47023.65625;47023.65625;0;BTC-USD
2021-09-08 02:53:00+01:00;46995.02734375;46995.02734375;46995.02734375;46995.02734375;46995.02734375;0;BTC-USD
2021-09-08 02:54:00+01:00;47045.20703125;47045.20703125;47045.20703125;47045.20703125;47045.20703125;17448960;BTC-USD
2021-09-08 02:55:00+01:00;47052.60546875;47052.60546875;47052.60546875;47052.60546875;47052.60546875;0;BTC-USD
2021-09-08 02:56:00+01:00;47064.6171875;47064.6171875;47064.6171875;47064.6171875;47064.6171875;8151040;BTC-USD
2021-09-08 02:57:00+01:00;47039.890625;47039.890625;47039.890625;47039.890625;47039.890625;3772416;BTC-USD
2021-09-08 02:58:00+01:00;47117.04296875;47117.04296875;47117.04296875;47117.04296875;47117.04296875;37785600;BTC-USD
2021-09-08 02:59:00+01:00;47183.5;47183.5;47183.5;47183.5;47183.5;57704448;BTC-USD
2021-09-08 03:00:00+01:00;47208.8984375;47208.8984375;47208.8984375;47208.8984375;47208.8984375;44564480;BTC-USD
2021-09-08 03:01:00+01:00;47190.73828125;47190.73828125;47190.73828125;47190.73828125;47190.73828125;0;BTC-USD
2021-09-08 03:02:00+01:00;47166.2734375;47166.2734375;47166.2734375;47166.2734375;47166.2734375;0;BTC-USD
2021-09-08 03:03:00+01:00;47227.640625;47227.640625;47227.640625;47227.640625;47227.640625;28196864;BTC-USD
2021-09-08 03:04:00+01:00;47262.37890625;47262.37890625;47262.37890625;47262.37890625;47262.37890625;13647872;BTC-USD
2021-09-08 03:05:00+01:00;47286.3515625;47286.3515625;47286.3515625;47286.3515625;47286.3515625;37142528;BTC-USD
2021-09-08 03:06:00+01:00;47257.87890625;47257.87890625;47257.87890625;47257.87890625;47257.87890625;0;BTC-USD
2021-09-08 03:07:00+01:00;47235.13671875;47235.13671875;47235.13671875;47235.13671875;47235.13671875;2523136;BTC-USD
2021-09-08 03:08:00+01:00;47203.1640625;47203.1640625;47203.1640625;47203.1640625;47203.1640625;0;BTC-USD
2021-09-08 03:09:00+01:00;47232.93359375;47232.93359375;47232.93359375;47232.93359375;47232.93359375;716800;BTC-USD
2021-09-08 03:10:00+01:00;47224.15625;47224.15625;47224.15625;47224.15625;47224.15625;983040;BTC-USD
2021-09-08 03:11:00+01:00;47209.60546875;47209.60546875;47209.60546875;47209.60546875;47209.60546875;0;BTC-USD
2021-09-08 03:12:00+01:00;47236.88671875;47236.88671875;47236.88671875;47236.88671875;47236.88671875;6656000;BTC-USD
2021-09-08 03:13:00+01:00;47261.7734375;47261.7734375;47261.7734375;47261.7734375;47261.7734375;6557696;BTC-USD
2021-09-08 03:14:00+01:00;47263.0703125;47263.0703125;47263.0703125;47263.0703125;47263.0703125;10027008;BTC-USD
2021-09-08 03:15:00+01:00;47305.34765625;47305.34765625;47305.34765625;47305.34765625;47305.34765625;11771904;BTC-USD
2021-09-08 03:16:00+01:00;47289.21875;47289.21875;47289.21875;47289.21875;47289.21875;41361408;BTC-USD
2021-09-08 03:17:00+01:00;47308.48828125;47308.48828125;47308.48828125;47308.48828125;47308.48828125;0;BTC-USD
2021-09-08 03:18:00+01:00;47270.625;47270.625;47270.625;47270.625;47270.625;671744;BTC-USD
2021-09-08 03:19:00+01:00;47292.26953125;47292.26953125;47292.26953125;47292.26953125;47292.26953125;0;BTC-USD
2021-09-08 03:20:00+01:00;47261.5546875;47261.5546875;47261.5546875;47261.5546875;47261.5546875;2129920;BTC-USD
2021-09-08 03:21:00+01:00;47334.0546875;47334.0546875;47334.0546875;47334.0546875;47334.0546875;30298112;BTC-USD
2021-09-08 03:22:00+01:00;47294.25390625;47294.25390625;47294.25390625;47294.25390625;47294.25390625;7839744;BTC-USD
2021-09-08 03:23:00+01:00;47292.93359375;47292.93359375;47292.93359375;47292.93359375;47292.93359375;0;BTC-USD
2021-09-08 03:24:00+01:00;47290.2734375;47290.2734375;47290.2734375;47290.2734375;47290.2734375;5865472;BTC-USD
2021-09-08 03:25:00+01:00;47264.28125;47264.28125;47264.28125;47264.28125;47264.28125;0;BTC-USD
2021-09-08 03:26:00+01:00;47282.09375;47282.09375;47282.09375;47282.09375;47282.09375;0;BTC-USD
2021-09-08 03:28:00+01:00;47238.59765625;47238.59765625;47238.59765625;47238.59765625;47238.59765625;0;BTC-USD
2021-09-08 03:29:00+01:00;47238.58984375;47238.58984375;47238.58984375;47238.58984375;47238.58984375;0;BTC-USD
2021-09-08 03:31:00+01:00;47252.28125;47252.28125;47252.28125;47252.28125;47252.28125;86224896;BTC-USD
2021-09-08 03:32:00+01:00;47190.578125;47190.578125;47190.578125;47190.578125;47190.578125;0;BTC-USD
2021-09-08 03:33:00+01:00;47174.71484375;47174.71484375;47174.71484375;47174.71484375;47174.71484375;0;BTC-USD
2021-09-08 03:34:00+01:00;47190.66796875;47190.66796875;47190.66796875;47190.66796875;47190.66796875;0;BTC-USD
2021-09-08 03:35:00+01:00;47176.015625;47176.015625;47176.015625;47176.015625;47176.015625;11096064;BTC-USD
2021-09-08 03:36:00+01:00;47134.859375;47134.859375;47134.859375;47134.859375;47134.859375;0;BTC-USD
2021-09-08 03:37:00+01:00;47131.8515625;47131.8515625;47131.8515625;47131.8515625;47131.8515625;0;BTC-USD
2021-09-08 03:38:00+01:00;47115.921875;47115.921875;47115.921875;47115.921875;47115.921875;0;BTC-USD
2021-09-08 03:39:00+01:00;47117.203125;47117.203125;47117.203125;47117.203125;47117.203125;0;BTC-USD
2021-09-08 03:40:00+01:00;47119.9453125;47119.9453125;47119.9453125;47119.9453125;47119.9453125;4984832;BTC-USD
2021-09-08 03:41:00+01:00;47130.96484375;47130.96484375;47130.96484375;47130.96484375;47130.96484375;0;BTC-USD
2021-09-08 03:43:00+01:00;47130.9140625;47130.9140625;47130.9140625;47130.9140625;47130.9140625;0;BTC-USD
2021-09-08 03:44:00+01:00;47163.6875;47163.6875;47163.6875;47163.6875;47163.6875;16343040;BTC-USD
2021-09-08 03:45:00+01:00;47168.25390625;47168.25390625;47168.25390625;47168.25390625;47168.25390625;13565952;BTC-USD
2021-09-08 03:46:00+01:00;47209.10546875;47209.10546875;47209.10546875;47209.10546875;47209.10546875;47054848;BTC-USD
2021-09-08 03:47:00+01:00;47157.9453125;47157.9453125;47157.9453125;47157.9453125;47157.9453125;10899456;BTC-USD
2021-09-08 03:48:00+01:00;47126.7734375;47126.7734375;47126.7734375;47126.7734375;47126.7734375;0;BTC-USD
2021-09-08 03:49:00+01:00;47118.44140625;47118.44140625;47118.44140625;47118.44140625;47118.44140625;9801728;BTC-USD
2021-09-08 03:50:00+01:00;47170.59375;47170.59375;47170.59375;47170.59375;47170.59375;21712896;BTC-USD
2021-09-08 03:51:00+01:00;47132.703125;47132.703125;47132.703125;47132.703125;47132.703125;7458816;BTC-USD
2021-09-08 03:52:00+01:00;47132.7421875;47132.7421875;47132.7421875;47132.7421875;47132.7421875;0;BTC-USD
2021-09-08 03:53:00+01:00;47128.953125;47128.953125;47128.953125;47128.953125;47128.953125;0;BTC-USD
2021-09-08 03:54:00+01:00;47099.9453125;47099.9453125;47099.9453125;47099.9453125;47099.9453125;0;BTC-USD
2021-09-08 03:55:00+01:00;47099.11328125;47099.11328125;47099.11328125;47099.11328125;47099.11328125;0;BTC-USD
2021-09-08 03:56:00+01:00;47108.84765625;47108.84765625;47108.84765625;47108.84765625;47108.84765625;0;BTC-USD
2021-09-08 03:57:00+01:00;47091.59375;47091.59375;47091.59375;47091.59375;47091.59375;14680064;BTC-USD
2021-09-08 03:58:00+01:00;47126.64453125;47126.64453125;47126.64453125;47126.64453125;47126.64453125;18878464;BTC-USD
2021-09-08 04:00:00+01:00;47099.5;47099.5;47099.5;47099.5;47099.5;0;BTC-USD
2021-09-08 04:01:00+01:00;47138.984375;47138.984375;47138.984375;47138.984375;47138.984375;0;BTC-USD
2021-09-08 04:02:00+01:00;47094.84765625;47094.84765625;47094.84765625;47094.84765625;47094.84765625;0;BTC-USD
2021-09-08 04:03:00+01:00;47136.2578125;47136.2578125;47136.2578125;47136.2578125;47136.2578125;2355200;BTC-USD
2021-09-08 04:04:00+01:00;47148.3671875;47148.3671875;47148.3671875;47148.3671875;47148.3671875;20422656;BTC-USD
2021-09-08 04:05:00+01:00;47072.6171875;47072.6171875;47072.6171875;47072.6171875;47072.6171875;0;BTC-USD
2021-09-08 04:06:00+01:00;47054.5703125;47054.5703125;47054.5703125;47054.5703125;47054.5703125;0;BTC-USD
2021-09-08 04:07:00+01:00;47081.453125;47081.453125;47081.453125;47081.453125;47081.453125;11710464;BTC-USD
2021-09-08 04:08:00+01:00;47083.2109375;47083.2109375;47083.2109375;47083.2109375;47083.2109375;3563520;BTC-USD
2021-09-08 04:09:00+01:00;47050.33984375;47050.33984375;47050.33984375;47050.33984375;47050.33984375;0;BTC-USD
2021-09-08 04:10:00+01:00;47006.57421875;47006.57421875;47006.57421875;47006.57421875;47006.57421875;0;BTC-USD
2021-09-08 04:11:00+01:00;46979.57421875;46979.57421875;46979.57421875;46979.57421875;46979.57421875;0;BTC-USD
2021-09-08 04:12:00+01:00;46951.17578125;46951.17578125;46951.17578125;46951.17578125;46951.17578125;0;BTC-USD
2021-09-08 04:13:00+01:00;46894.59765625;46894.59765625;46894.59765625;46894.59765625;46894.59765625;0;BTC-USD
2021-09-08 04:14:00+01:00;46938.515625;46938.515625;46938.515625;46938.515625;46938.515625;339968;BTC-USD
2021-09-08 04:15:00+01:00;46889.38671875;46889.38671875;46889.38671875;46889.38671875;46889.38671875;0;BTC-USD
2021-09-08 04:17:00+01:00;46925.41796875;46925.41796875;46925.41796875;46925.41796875;46925.41796875;55668736;BTC-USD
2021-09-08 04:18:00+01:00;46899.05859375;46899.05859375;46899.05859375;46899.05859375;46899.05859375;172032;BTC-USD
2021-09-08 04:19:00+01:00;46820.7890625;46820.7890625;46820.7890625;46820.7890625;46820.7890625;0;BTC-USD
2021-09-08 04:20:00+01:00;46615.12890625;46615.12890625;46615.12890625;46615.12890625;46615.12890625;0;BTC-USD
2021-09-08 04:21:00+01:00;46619.74609375;46619.74609375;46619.74609375;46619.74609375;46619.74609375;0;BTC-USD
2021-09-08 04:22:00+01:00;46597.2578125;46597.2578125;46597.2578125;46597.2578125;46597.2578125;0;BTC-USD
2021-09-08 04:23:00+01:00;46517.9296875;46517.9296875;46517.9296875;46517.9296875;46517.9296875;0;BTC-USD
2021-09-08 04:24:00+01:00;46446.22265625;46446.22265625;46446.22265625;46446.22265625;46446.22265625;0;BTC-USD
2021-09-08 04:25:00+01:00;46373.59765625;46373.59765625;46373.59765625;46373.59765625;46373.59765625;0;BTC-USD
2021-09-08 04:26:00+01:00;46393.96484375;46393.96484375;46393.96484375;46393.96484375;46393.96484375;5468160;BTC-USD
2021-09-08 04:27:00+01:00;46377.83203125;46377.83203125;46377.83203125;46377.83203125;46377.83203125;15261696;BTC-USD
2021-09-08 04:28:00+01:00;46415.88671875;46415.88671875;46415.88671875;46415.88671875;46415.88671875;0;BTC-USD
2021-09-08 04:29:00+01:00;46365.5859375;46365.5859375;46365.5859375;46365.5859375;46365.5859375;0;BTC-USD
2021-09-08 04:30:00+01:00;46364.90234375;46364.90234375;46364.90234375;46364.90234375;46364.90234375;0;BTC-USD
2021-09-08 04:31:00+01:00;46429.015625;46429.015625;46429.015625;46429.015625;46429.015625;47771648;BTC-USD
2021-09-08 04:32:00+01:00;46340.84375;46340.84375;46340.84375;46340.84375;46340.84375;1179648;BTC-USD
2021-09-08 04:33:00+01:00;46355.2109375;46355.2109375;46355.2109375;46355.2109375;46355.2109375;0;BTC-USD
2021-09-08 04:34:00+01:00;46399.7421875;46399.7421875;46399.7421875;46399.7421875;46399.7421875;91983872;BTC-USD
2021-09-08 04:35:00+01:00;46405.5546875;46405.5546875;46405.5546875;46405.5546875;46405.5546875;30633984;BTC-USD
2021-09-08 04:36:00+01:00;46417.9140625;46417.9140625;46417.9140625;46417.9140625;46417.9140625;9850880;BTC-USD
2021-09-08 04:37:00+01:00;46432.97265625;46432.97265625;46432.97265625;46432.97265625;46432.97265625;58855424;BTC-USD
2021-09-08 04:38:00+01:00;46485.578125;46485.578125;46485.578125;46485.578125;46485.578125;39178240;BTC-USD
2021-09-08 04:39:00+01:00;46512.16015625;46512.16015625;46512.16015625;46512.16015625;46512.16015625;22970368;BTC-USD
2021-09-08 04:41:00+01:00;46495.76953125;46495.76953125;46495.76953125;46495.76953125;46495.76953125;13692928;BTC-USD
2021-09-08 04:42:00+01:00;46470.39453125;46470.39453125;46470.39453125;46470.39453125;46470.39453125;7892992;BTC-USD
2021-09-08 04:43:00+01:00;46486.48046875;46486.48046875;46486.48046875;46486.48046875;46486.48046875;0;BTC-USD
2021-09-08 04:44:00+01:00;46510.24609375;46510.24609375;46510.24609375;46510.24609375;46510.24609375;23240704;BTC-USD
2021-09-08 04:45:00+01:00;46522.3203125;46522.3203125;46522.3203125;46522.3203125;46522.3203125;17719296;BTC-USD
2021-09-08 04:47:00+01:00;46587.84375;46587.84375;46587.84375;46587.84375;46587.84375;55312384;BTC-USD
2021-09-08 04:48:00+01:00;46557.20703125;46557.20703125;46557.20703125;46557.20703125;46557.20703125;0;BTC-USD
2021-09-08 04:49:00+01:00;46571.2265625;46571.2265625;46571.2265625;46571.2265625;46571.2265625;16490496;BTC-USD
2021-09-08 04:52:00+01:00;46492.28125;46492.28125;46492.28125;46492.28125;46492.28125;0;BTC-USD
2021-09-08 04:53:00+01:00;46424.96484375;46424.96484375;46424.96484375;46424.96484375;46424.96484375;0;BTC-USD
2021-09-08 04:54:00+01:00;46450.8359375;46450.8359375;46450.8359375;46450.8359375;46450.8359375;14254080;BTC-USD
2021-09-08 04:55:00+01:00;46430.77734375;46430.77734375;46430.77734375;46430.77734375;46430.77734375;0;BTC-USD
2021-09-08 04:56:00+01:00;46490.78515625;46490.78515625;46490.78515625;46490.78515625;46490.78515625;33726464;BTC-USD
2021-09-08 04:57:00+01:00;46451.09765625;46451.09765625;46451.09765625;46451.09765625;46451.09765625;0;BTC-USD
2021-09-08 04:58:00+01:00;46451.92578125;46451.92578125;46451.92578125;46451.92578125;46451.92578125;2404352;BTC-USD
2021-09-08 04:59:00+01:00;46480.27734375;46480.27734375;46480.27734375;46480.27734375;46480.27734375;0;BTC-USD
2021-09-08 05:00:00+01:00;46483.25;46483.25;46483.25;46483.25;46483.25;1515520;BTC-USD
2021-09-08 05:01:00+01:00;46556.828125;46556.828125;46556.828125;46556.828125;46556.828125;0;BTC-USD
2021-09-08 05:02:00+01:00;46538.2578125;46538.2578125;46538.2578125;46538.2578125;46538.2578125;5640192;BTC-USD
2021-09-08 05:03:00+01:00;46429.17578125;46429.17578125;46429.17578125;46429.17578125;46429.17578125;0;BTC-USD
2021-09-08 05:04:00+01:00;46436.671875;46436.671875;46436.671875;46436.671875;46436.671875;0;BTC-USD
2021-09-08 05:05:00+01:00;46408.50390625;46408.50390625;46408.50390625;46408.50390625;46408.50390625;0;BTC-USD
2021-09-08 05:06:00+01:00;46361.4296875;46361.4296875;46361.4296875;46361.4296875;46361.4296875;0;BTC-USD
2021-09-08 05:07:00+01:00;46461.68359375;46461.68359375;46461.68359375;46461.68359375;46461.68359375;0;BTC-USD
2021-09-08 05:08:00+01:00;46514.46484375;46514.46484375;46514.46484375;46514.46484375;46514.46484375;45387776;BTC-USD
2021-09-08 05:09:00+01:00;46497.1015625;46497.1015625;46497.1015625;46497.1015625;46497.1015625;32878592;BTC-USD
2021-09-08 05:10:00+01:00;46556.57421875;46556.57421875;46556.57421875;46556.57421875;46556.57421875;103759872;BTC-USD
2021-09-08 05:11:00+01:00;46633.10546875;46633.10546875;46633.10546875;46633.10546875;46633.10546875;38014976;BTC-USD
2021-09-08 05:12:00+01:00;46640.234375;46640.234375;46640.234375;46640.234375;46640.234375;35799040;BTC-USD
2021-09-08 05:13:00+01:00;46695.56640625;46695.56640625;46695.56640625;46695.56640625;46695.56640625;106979328;BTC-USD
2021-09-08 05:14:00+01:00;46746.0390625;46746.0390625;46746.0390625;46746.0390625;46746.0390625;47947776;BTC-USD
2021-09-08 05:15:00+01:00;46667.4296875;46667.4296875;46667.4296875;46667.4296875;46667.4296875;0;BTC-USD
2021-09-08 05:16:00+01:00;46731.39453125;46731.39453125;46731.39453125;46731.39453125;46731.39453125;50835456;BTC-USD
2021-09-08 05:17:00+01:00;46812.8046875;46812.8046875;46812.8046875;46812.8046875;46812.8046875;21700608;BTC-USD
2021-09-08 05:18:00+01:00;46758.390625;46758.390625;46758.390625;46758.390625;46758.390625;8445952;BTC-USD
2021-09-08 05:19:00+01:00;46728.10546875;46728.10546875;46728.10546875;46728.10546875;46728.10546875;59326464;BTC-USD
2021-09-08 05:20:00+01:00;46765.06640625;46765.06640625;46765.06640625;46765.06640625;46765.06640625;0;BTC-USD
2021-09-08 05:21:00+01:00;46731.0546875;46731.0546875;46731.0546875;46731.0546875;46731.0546875;0;BTC-USD
2021-09-08 05:22:00+01:00;46687.76171875;46687.76171875;46687.76171875;46687.76171875;46687.76171875;0;BTC-USD
2021-09-08 05:23:00+01:00;46717.32421875;46717.32421875;46717.32421875;46717.32421875;46717.32421875;274432;BTC-USD
2021-09-08 05:24:00+01:00;46730.4453125;46730.4453125;46730.4453125;46730.4453125;46730.4453125;0;BTC-USD
2021-09-08 05:25:00+01:00;46761.109375;46761.109375;46761.109375;46761.109375;46761.109375;77553664;BTC-USD
2021-09-08 05:26:00+01:00;46742.75;46742.75;46742.75;46742.75;46742.75;0;BTC-USD
2021-09-08 05:27:00+01:00;46717.08984375;46717.08984375;46717.08984375;46717.08984375;46717.08984375;7233536;BTC-USD
2021-09-08 05:28:00+01:00;46734.5078125;46734.5078125;46734.5078125;46734.5078125;46734.5078125;0;BTC-USD
2021-09-08 05:29:00+01:00;46759.91015625;46759.91015625;46759.91015625;46759.91015625;46759.91015625;4268032;BTC-USD
2021-09-08 05:30:00+01:00;46769.42578125;46769.42578125;46769.42578125;46769.42578125;46769.42578125;17035264;BTC-USD
2021-09-08 05:31:00+01:00;46763.625;46763.625;46763.625;46763.625;46763.625;52711424;BTC-USD
2021-09-08 05:32:00+01:00;46747.37109375;46747.37109375;46747.37109375;46747.37109375;46747.37109375;0;BTC-USD
2021-09-08 05:33:00+01:00;46744.640625;46744.640625;46744.640625;46744.640625;46744.640625;3964928;BTC-USD
2021-09-08 05:34:00+01:00;46755.234375;46755.234375;46755.234375;46755.234375;46755.234375;0;BTC-USD
2021-09-08 05:35:00+01:00;46733.83203125;46733.83203125;46733.83203125;46733.83203125;46733.83203125;0;BTC-USD
2021-09-08 05:36:00+01:00;46766.07421875;46766.07421875;46766.07421875;46766.07421875;46766.07421875;6881280;BTC-USD
2021-09-08 05:37:00+01:00;46774.1953125;46774.1953125;46774.1953125;46774.1953125;46774.1953125;9240576;BTC-USD
2021-09-08 05:38:00+01:00;46773.15234375;46773.15234375;46773.15234375;46773.15234375;46773.15234375;20762624;BTC-USD
2021-09-08 05:39:00+01:00;46742.26953125;46742.26953125;46742.26953125;46742.26953125;46742.26953125;0;BTC-USD
2021-09-08 05:40:00+01:00;46732.6640625;46732.6640625;46732.6640625;46732.6640625;46732.6640625;0;BTC-USD
2021-09-08 05:41:00+01:00;46766.26953125;46766.26953125;46766.26953125;46766.26953125;46766.26953125;9031680;BTC-USD
2021-09-08 05:42:00+01:00;46748.9765625;46748.9765625;46748.9765625;46748.9765625;46748.9765625;0;BTC-USD
2021-09-08 05:43:00+01:00;46769.60546875;46769.60546875;46769.60546875;46769.60546875;46769.60546875;10035200;BTC-USD
2021-09-08 05:45:00+01:00;46777.140625;46777.140625;46777.140625;46777.140625;46777.140625;8753152;BTC-USD
2021-09-08 05:46:00+01:00;46781.984375;46781.984375;46781.984375;46781.984375;46781.984375;21442560;BTC-USD
2021-09-08 05:47:00+01:00;46773.42578125;46773.42578125;46773.42578125;46773.42578125;46773.42578125;0;BTC-USD
2021-09-08 05:48:00+01:00;46754.19921875;46754.19921875;46754.19921875;46754.19921875;46754.19921875;0;BTC-USD
2021-09-08 05:49:00+01:00;46742.75390625;46742.75390625;46742.75390625;46742.75390625;46742.75390625;0;BTC-USD
2021-09-08 05:50:00+01:00;46687.6484375;46687.6484375;46687.6484375;46687.6484375;46687.6484375;0;BTC-USD
2021-09-08 05:51:00+01:00;46690.41015625;46690.41015625;46690.41015625;46690.41015625;46690.41015625;0;BTC-USD
2021-09-08 05:52:00+01:00;46705.390625;46705.390625;46705.390625;46705.390625;46705.390625;0;BTC-USD
2021-09-08 05:53:00+01:00;46662.5;46662.5;46662.5;46662.5;46662.5;0;BTC-USD
2021-09-08 05:54:00+01:00;46640.078125;46640.078125;46640.078125;46640.078125;46640.078125;106496;BTC-USD
2021-09-08 05:55:00+01:00;46579.1953125;46579.1953125;46579.1953125;46579.1953125;46579.1953125;0;BTC-USD
2021-09-08 05:56:00+01:00;46542.4921875;46542.4921875;46542.4921875;46542.4921875;46542.4921875;0;BTC-USD
2021-09-08 05:57:00+01:00;46527.22265625;46527.22265625;46527.22265625;46527.22265625;46527.22265625;0;BTC-USD
2021-09-08 05:58:00+01:00;46542.05078125;46542.05078125;46542.05078125;46542.05078125;46542.05078125;0;BTC-USD
2021-09-08 05:59:00+01:00;46563.50390625;46563.50390625;46563.50390625;46563.50390625;46563.50390625;9531392;BTC-USD
2021-09-08 06:00:00+01:00;46442.54296875;46442.54296875;46442.54296875;46442.54296875;46442.54296875;0;BTC-USD
2021-09-08 06:01:00+01:00;46520.58203125;46520.58203125;46520.58203125;46520.58203125;46520.58203125;46268416;BTC-USD
2021-09-08 06:02:00+01:00;46456.60546875;46456.60546875;46456.60546875;46456.60546875;46456.60546875;0;BTC-USD
2021-09-08 06:03:00+01:00;46410.58203125;46410.58203125;46410.58203125;46410.58203125;46410.58203125;17932288;BTC-USD
2021-09-08 06:04:00+01:00;46410.0390625;46410.0390625;46410.0390625;46410.0390625;46410.0390625;0;BTC-USD
2021-09-08 06:05:00+01:00;46392.78125;46392.78125;46392.78125;46392.78125;46392.78125;0;BTC-USD
2021-09-08 06:06:00+01:00;46433.40234375;46433.40234375;46433.40234375;46433.40234375;46433.40234375;0;BTC-USD
2021-09-08 06:07:00+01:00;46498.7890625;46498.7890625;46498.7890625;46498.7890625;46498.7890625;39583744;BTC-USD
2021-09-08 06:08:00+01:00;46505.0234375;46505.0234375;46505.0234375;46505.0234375;46505.0234375;25698304;BTC-USD
2021-09-08 06:09:00+01:00;46465.93359375;46465.93359375;46465.93359375;46465.93359375;46465.93359375;4759552;BTC-USD
2021-09-08 06:10:00+01:00;46392.5546875;46392.5546875;46392.5546875;46392.5546875;46392.5546875;0;BTC-USD
2021-09-08 06:11:00+01:00;46444.21484375;46444.21484375;46444.21484375;46444.21484375;46444.21484375;0;BTC-USD
2021-09-08 06:12:00+01:00;46445.63671875;46445.63671875;46445.63671875;46445.63671875;46445.63671875;7712768;BTC-USD
2021-09-08 06:13:00+01:00;46413.0625;46413.0625;46413.0625;46413.0625;46413.0625;0;BTC-USD
2021-09-08 06:14:00+01:00;46453.37109375;46453.37109375;46453.37109375;46453.37109375;46453.37109375;14172160;BTC-USD
2021-09-08 06:15:00+01:00;46475.04296875;46475.04296875;46475.04296875;46475.04296875;46475.04296875;4931584;BTC-USD
2021-09-08 06:16:00+01:00;46499.8671875;46499.8671875;46499.8671875;46499.8671875;46499.8671875;73551872;BTC-USD
2021-09-08 06:17:00+01:00;46514.55078125;46514.55078125;46514.55078125;46514.55078125;46514.55078125;25382912;BTC-USD
2021-09-08 06:18:00+01:00;46476.18359375;46476.18359375;46476.18359375;46476.18359375;46476.18359375;0;BTC-USD
2021-09-08 06:19:00+01:00;46495.23046875;46495.23046875;46495.23046875;46495.23046875;46495.23046875;43040768;BTC-USD
2021-09-08 06:20:00+01:00;46551.02734375;46551.02734375;46551.02734375;46551.02734375;46551.02734375;7512064;BTC-USD
2021-09-08 06:21:00+01:00;46558.26171875;46558.26171875;46558.26171875;46558.26171875;46558.26171875;28332032;BTC-USD
2021-09-08 06:22:00+01:00;46599.48828125;46599.48828125;46599.48828125;46599.48828125;46599.48828125;67321856;BTC-USD
2021-09-08 06:23:00+01:00;46573.1015625;46573.1015625;46573.1015625;46573.1015625;46573.1015625;0;BTC-USD
2021-09-08 06:24:00+01:00;46624.08984375;46624.08984375;46624.08984375;46624.08984375;46624.08984375;36425728;BTC-USD
2021-09-08 06:25:00+01:00;46638.12109375;46638.12109375;46638.12109375;46638.12109375;46638.12109375;48386048;BTC-USD
2021-09-08 06:26:00+01:00;46638.62109375;46638.62109375;46638.62109375;46638.62109375;46638.62109375;14426112;BTC-USD
2021-09-08 06:27:00+01:00;46682.0703125;46682.0703125;46682.0703125;46682.0703125;46682.0703125;26628096;BTC-USD
2021-09-08 06:28:00+01:00;46678.078125;46678.078125;46678.078125;46678.078125;46678.078125;35856384;BTC-USD
2021-09-08 06:29:00+01:00;46655.8125;46655.8125;46655.8125;46655.8125;46655.8125;3985408;BTC-USD
2021-09-08 06:30:00+01:00;46678.1640625;46678.1640625;46678.1640625;46678.1640625;46678.1640625;0;BTC-USD
2021-09-08 06:31:00+01:00;46683.71484375;46683.71484375;46683.71484375;46683.71484375;46683.71484375;20676608;BTC-USD
2021-09-08 06:32:00+01:00;46685.48046875;46685.48046875;46685.48046875;46685.48046875;46685.48046875;8765440;BTC-USD
2021-09-08 06:33:00+01:00;46663.3515625;46663.3515625;46663.3515625;46663.3515625;46663.3515625;0;BTC-USD
2021-09-08 06:34:00+01:00;46604.43359375;46604.43359375;46604.43359375;46604.43359375;46604.43359375;0;BTC-USD
2021-09-08 06:35:00+01:00;46544.80078125;46544.80078125;46544.80078125;46544.80078125;46544.80078125;0;BTC-USD
2021-09-08 06:36:00+01:00;46568.78515625;46568.78515625;46568.78515625;46568.78515625;46568.78515625;0;BTC-USD
2021-09-08 06:37:00+01:00;46495.51953125;46495.51953125;46495.51953125;46495.51953125;46495.51953125;0;BTC-USD
2021-09-08 06:38:00+01:00;46439.0859375;46439.0859375;46439.0859375;46439.0859375;46439.0859375;0;BTC-USD
2021-09-08 06:39:00+01:00;46448.8203125;46448.8203125;46448.8203125;46448.8203125;46448.8203125;0;BTC-USD
2021-09-08 06:40:00+01:00;46443.84765625;46443.84765625;46443.84765625;46443.84765625;46443.84765625;0;BTC-USD
2021-09-08 06:41:00+01:00;46415.46484375;46415.46484375;46415.46484375;46415.46484375;46415.46484375;0;BTC-USD
2021-09-08 06:42:00+01:00;46404.1875;46404.1875;46404.1875;46404.1875;46404.1875;0;BTC-USD
2021-09-08 06:43:00+01:00;46363.890625;46363.890625;46363.890625;46363.890625;46363.890625;0;BTC-USD
2021-09-08 06:44:00+01:00;46311.1875;46311.1875;46311.1875;46311.1875;46311.1875;0;BTC-USD
2021-09-08 06:45:00+01:00;46335.1875;46335.1875;46335.1875;46335.1875;46335.1875;0;BTC-USD
2021-09-08 06:46:00+01:00;46338.91796875;46338.91796875;46338.91796875;46338.91796875;46338.91796875;56414208;BTC-USD
2021-09-08 06:47:00+01:00;46375.27734375;46375.27734375;46375.27734375;46375.27734375;46375.27734375;24317952;BTC-USD
2021-09-08 06:48:00+01:00;46357.0703125;46357.0703125;46357.0703125;46357.0703125;46357.0703125;2719744;BTC-USD
2021-09-08 06:49:00+01:00;46395.8671875;46395.8671875;46395.8671875;46395.8671875;46395.8671875;48091136;BTC-USD
2021-09-08 06:50:00+01:00;46392.10546875;46392.10546875;46392.10546875;46392.10546875;46392.10546875;17334272;BTC-USD
2021-09-08 06:51:00+01:00;46412.0703125;46412.0703125;46412.0703125;46412.0703125;46412.0703125;397312;BTC-USD
2021-09-08 06:52:00+01:00;46404.80078125;46404.80078125;46404.80078125;46404.80078125;46404.80078125;37851136;BTC-USD
2021-09-08 06:53:00+01:00;46349.5625;46349.5625;46349.5625;46349.5625;46349.5625;0;BTC-USD
2021-09-08 06:54:00+01:00;46371.23046875;46371.23046875;46371.23046875;46371.23046875;46371.23046875;0;BTC-USD
2021-09-08 06:55:00+01:00;46291.765625;46291.765625;46291.765625;46291.765625;46291.765625;0;BTC-USD
2021-09-08 06:56:00+01:00;46207.15234375;46207.15234375;46207.15234375;46207.15234375;46207.15234375;0;BTC-USD
2021-09-08 06:57:00+01:00;46251.1484375;46251.1484375;46251.1484375;46251.1484375;46251.1484375;0;BTC-USD
2021-09-08 06:58:00+01:00;46158.45703125;46158.45703125;46158.45703125;46158.45703125;46158.45703125;0;BTC-USD
2021-09-08 06:59:00+01:00;46130.4375;46130.4375;46130.4375;46130.4375;46130.4375;0;BTC-USD
2021-09-08 07:00:00+01:00;46109.7578125;46109.7578125;46109.7578125;46109.7578125;46109.7578125;0;BTC-USD
2021-09-08 07:01:00+01:00;46176.953125;46176.953125;46176.953125;46176.953125;46176.953125;12144640;BTC-USD
2021-09-08 07:02:00+01:00;46224.23046875;46224.23046875;46224.23046875;46224.23046875;46224.23046875;46231552;BTC-USD
2021-09-08 07:03:00+01:00;46250.98828125;46250.98828125;46250.98828125;46250.98828125;46250.98828125;34914304;BTC-USD
2021-09-08 07:04:00+01:00;46209.91796875;46209.91796875;46209.91796875;46209.91796875;46209.91796875;57421824;BTC-USD
2021-09-08 07:05:00+01:00;46263.25;46263.25;46263.25;46263.25;46263.25;0;BTC-USD
2021-09-08 07:06:00+01:00;46280.9609375;46280.9609375;46280.9609375;46280.9609375;46280.9609375;42045440;BTC-USD
2021-09-08 07:07:00+01:00;46273.08203125;46273.08203125;46273.08203125;46273.08203125;46273.08203125;21409792;BTC-USD
2021-09-08 07:08:00+01:00;46385.02734375;46385.02734375;46385.02734375;46385.02734375;46385.02734375;48066560;BTC-USD
2021-09-08 07:09:00+01:00;46338.19140625;46338.19140625;46338.19140625;46338.19140625;46338.19140625;40693760;BTC-USD
2021-09-08 07:10:00+01:00;46351.3046875;46351.3046875;46351.3046875;46351.3046875;46351.3046875;29732864;BTC-USD
2021-09-08 07:11:00+01:00;46263.47265625;46263.47265625;46263.47265625;46263.47265625;46263.47265625;0;BTC-USD
2021-09-08 07:12:00+01:00;46256.16796875;46256.16796875;46256.16796875;46256.16796875;46256.16796875;0;BTC-USD
2021-09-08 07:13:00+01:00;46246.453125;46246.453125;46246.453125;46246.453125;46246.453125;0;BTC-USD
2021-09-08 07:14:00+01:00;46205.83984375;46205.83984375;46205.83984375;46205.83984375;46205.83984375;0;BTC-USD
2021-09-08 07:15:00+01:00;46052.359375;46052.359375;46052.359375;46052.359375;46052.359375;0;BTC-USD
2021-09-08 07:18:00+01:00;45944.41015625;45944.41015625;45944.41015625;45944.41015625;45944.41015625;1183744;BTC-USD
2021-09-08 07:19:00+01:00;45869.28125;45869.28125;45869.28125;45869.28125;45869.28125;49360896;BTC-USD
2021-09-08 07:20:00+01:00;45777.421875;45777.421875;45777.421875;45777.421875;45777.421875;0;BTC-USD
2021-09-08 07:21:00+01:00;45459.58984375;45459.58984375;45459.58984375;45459.58984375;45459.58984375;0;BTC-USD
2021-09-08 07:22:00+01:00;45542.359375;45542.359375;45542.359375;45542.359375;45542.359375;0;BTC-USD
2021-09-08 07:23:00+01:00;45532.5390625;45532.5390625;45532.5390625;45532.5390625;45532.5390625;70561792;BTC-USD
2021-09-08 07:24:00+01:00;45593.58984375;45593.58984375;45593.58984375;45593.58984375;45593.58984375;63766528;BTC-USD
2021-09-08 07:25:00+01:00;45517.7265625;45517.7265625;45517.7265625;45517.7265625;45517.7265625;110153728;BTC-USD
2021-09-08 07:26:00+01:00;45568.625;45568.625;45568.625;45568.625;45568.625;18046976;BTC-USD
2021-09-08 07:27:00+01:00;45570.05859375;45570.05859375;45570.05859375;45570.05859375;45570.05859375;7266304;BTC-USD
2021-09-08 07:28:00+01:00;45552.14453125;45552.14453125;45552.14453125;45552.14453125;45552.14453125;52277248;BTC-USD
2021-09-08 07:29:00+01:00;45526.55078125;45526.55078125;45526.55078125;45526.55078125;45526.55078125;0;BTC-USD
2021-09-08 07:30:00+01:00;45480.9921875;45480.9921875;45480.9921875;45480.9921875;45480.9921875;0;BTC-USD
2021-09-08 07:31:00+01:00;45601.8828125;45601.8828125;45601.8828125;45601.8828125;45601.8828125;125968384;BTC-USD
2021-09-08 07:32:00+01:00;45568.40625;45568.40625;45568.40625;45568.40625;45568.40625;69398528;BTC-USD
2021-09-08 07:33:00+01:00;45625.44140625;45625.44140625;45625.44140625;45625.44140625;45625.44140625;16216064;BTC-USD
2021-09-08 07:34:00+01:00;45802.328125;45802.328125;45802.328125;45802.328125;45802.328125;251170816;BTC-USD
2021-09-08 07:35:00+01:00;45853.6796875;45853.6796875;45853.6796875;45853.6796875;45853.6796875;118431744;BTC-USD
2021-09-08 07:36:00+01:00;45842.8515625;45842.8515625;45842.8515625;45842.8515625;45842.8515625;20008960;BTC-USD
2021-09-08 07:37:00+01:00;45717.8828125;45717.8828125;45717.8828125;45717.8828125;45717.8828125;26161152;BTC-USD
2021-09-08 07:38:00+01:00;45706.3046875;45706.3046875;45706.3046875;45706.3046875;45706.3046875;0;BTC-USD
2021-09-08 07:39:00+01:00;45607.921875;45607.921875;45607.921875;45607.921875;45607.921875;0;BTC-USD
2021-09-08 07:40:00+01:00;45516.671875;45516.671875;45516.671875;45516.671875;45516.671875;0;BTC-USD
2021-09-08 07:41:00+01:00;45404.171875;45404.171875;45404.171875;45404.171875;45404.171875;0;BTC-USD
2021-09-08 07:42:00+01:00;45353.23046875;45353.23046875;45353.23046875;45353.23046875;45353.23046875;0;BTC-USD
2021-09-08 07:43:00+01:00;45400.4765625;45400.4765625;45400.4765625;45400.4765625;45400.4765625;0;BTC-USD
2021-09-08 07:44:00+01:00;45336.90625;45336.90625;45336.90625;45336.90625;45336.90625;18382848;BTC-USD
2021-09-08 07:45:00+01:00;45355.41796875;45355.41796875;45355.41796875;45355.41796875;45355.41796875;2670592;BTC-USD
2021-09-08 07:46:00+01:00;45431.91015625;45431.91015625;45431.91015625;45431.91015625;45431.91015625;116994048;BTC-USD
2021-09-08 07:47:00+01:00;45361.59765625;45361.59765625;45361.59765625;45361.59765625;45361.59765625;11038720;BTC-USD
2021-09-08 07:48:00+01:00;45243.609375;45243.609375;45243.609375;45243.609375;45243.609375;0;BTC-USD
2021-09-08 07:49:00+01:00;45073.40234375;45073.40234375;45073.40234375;45073.40234375;45073.40234375;0;BTC-USD
2021-09-08 07:50:00+01:00;45114.375;45114.375;45114.375;45114.375;45114.375;0;BTC-USD
2021-09-08 07:51:00+01:00;45286.08984375;45286.08984375;45286.08984375;45286.08984375;45286.08984375;101531648;BTC-USD
2021-09-08 07:52:00+01:00;45317.95703125;45317.95703125;45317.95703125;45317.95703125;45317.95703125;141115392;BTC-USD
2021-09-08 07:53:00+01:00;45208.78125;45208.78125;45208.78125;45208.78125;45208.78125;0;BTC-USD
2021-09-08 07:54:00+01:00;45151.171875;45151.171875;45151.171875;45151.171875;45151.171875;0;BTC-USD
2021-09-08 07:55:00+01:00;45258.125;45258.125;45258.125;45258.125;45258.125;49172480;BTC-USD
2021-09-08 07:56:00+01:00;45310.84765625;45310.84765625;45310.84765625;45310.84765625;45310.84765625;77991936;BTC-USD
2021-09-08 07:57:00+01:00;45256.515625;45256.515625;45256.515625;45256.515625;45256.515625;0;BTC-USD
2021-09-08 07:58:00+01:00;45221.3046875;45221.3046875;45221.3046875;45221.3046875;45221.3046875;13553664;BTC-USD
2021-09-08 07:59:00+01:00;45219.8046875;45219.8046875;45219.8046875;45219.8046875;45219.8046875;2666496;BTC-USD
2021-09-08 08:00:00+01:00;45200.609375;45200.609375;45200.609375;45200.609375;45200.609375;0;BTC-USD
2021-09-08 08:01:00+01:00;45335.51953125;45335.51953125;45335.51953125;45335.51953125;45335.51953125;28659712;BTC-USD
2021-09-08 08:02:00+01:00;45392.8203125;45392.8203125;45392.8203125;45392.8203125;45392.8203125;112001024;BTC-USD
2021-09-08 08:03:00+01:00;45417.734375;45417.734375;45417.734375;45417.734375;45417.734375;35590144;BTC-USD
2021-09-08 08:04:00+01:00;45424.91015625;45424.91015625;45424.91015625;45424.91015625;45424.91015625;92557312;BTC-USD
2021-09-08 08:05:00+01:00;45441.65625;45441.65625;45441.65625;45441.65625;45441.65625;14913536;BTC-USD
2021-09-08 08:06:00+01:00;45434.296875;45434.296875;45434.296875;45434.296875;45434.296875;2080768;BTC-USD
2021-09-08 08:07:00+01:00;45436.3125;45436.3125;45436.3125;45436.3125;45436.3125;35860480;BTC-USD
2021-09-08 08:08:00+01:00;45511.76953125;45511.76953125;45511.76953125;45511.76953125;45511.76953125;39739392;BTC-USD
2021-09-08 08:09:00+01:00;45534.46875;45534.46875;45534.46875;45534.46875;45534.46875;39763968;BTC-USD
2021-09-08 08:10:00+01:00;45493.953125;45493.953125;45493.953125;45493.953125;45493.953125;55611392;BTC-USD
2021-09-08 08:11:00+01:00;45504.609375;45504.609375;45504.609375;45504.609375;45504.609375;0;BTC-USD
2021-09-08 08:12:00+01:00;45476.546875;45476.546875;45476.546875;45476.546875;45476.546875;0;BTC-USD
2021-09-08 08:13:00+01:00;45459.16796875;45459.16796875;45459.16796875;45459.16796875;45459.16796875;0;BTC-USD
2021-09-08 08:14:00+01:00;45442.16015625;45442.16015625;45442.16015625;45442.16015625;45442.16015625;0;BTC-USD
2021-09-08 08:15:00+01:00;45379.60546875;45379.60546875;45379.60546875;45379.60546875;45379.60546875;0;BTC-USD
2021-09-08 08:16:00+01:00;45488.7421875;45488.7421875;45488.7421875;45488.7421875;45488.7421875;8892416;BTC-USD
2021-09-08 08:17:00+01:00;45500.6328125;45500.6328125;45500.6328125;45500.6328125;45500.6328125;59781120;BTC-USD
2021-09-08 08:18:00+01:00;45444.3125;45444.3125;45444.3125;45444.3125;45444.3125;0;BTC-USD
2021-09-08 08:19:00+01:00;45521.72265625;45521.72265625;45521.72265625;45521.72265625;45521.72265625;37916672;BTC-USD
2021-09-08 08:20:00+01:00;45457.63671875;45457.63671875;45457.63671875;45457.63671875;45457.63671875;18595840;BTC-USD
2021-09-08 08:21:00+01:00;45488.25390625;45488.25390625;45488.25390625;45488.25390625;45488.25390625;0;BTC-USD
2021-09-08 08:22:00+01:00;45423.57421875;45423.57421875;45423.57421875;45423.57421875;45423.57421875;0;BTC-USD
2021-09-08 08:23:00+01:00;45444.16015625;45444.16015625;45444.16015625;45444.16015625;45444.16015625;0;BTC-USD
2021-09-08 08:24:00+01:00;45502.98828125;45502.98828125;45502.98828125;45502.98828125;45502.98828125;35459072;BTC-USD
2021-09-08 08:25:00+01:00;45428.3046875;45428.3046875;45428.3046875;45428.3046875;45428.3046875;10858496;BTC-USD
2021-09-08 08:26:00+01:00;45404.78515625;45404.78515625;45404.78515625;45404.78515625;45404.78515625;0;BTC-USD
2021-09-08 08:27:00+01:00;45388.0078125;45388.0078125;45388.0078125;45388.0078125;45388.0078125;0;BTC-USD
2021-09-08 08:28:00+01:00;45309.68359375;45309.68359375;45309.68359375;45309.68359375;45309.68359375;0;BTC-USD
2021-09-08 08:29:00+01:00;45375.98046875;45375.98046875;45375.98046875;45375.98046875;45375.98046875;12189696;BTC-USD
2021-09-08 08:30:00+01:00;45320.73828125;45320.73828125;45320.73828125;45320.73828125;45320.73828125;8138752;BTC-USD
2021-09-08 08:31:00+01:00;45358.9375;45358.9375;45358.9375;45358.9375;45358.9375;0;BTC-USD
2021-09-08 08:32:00+01:00;45459.95703125;45459.95703125;45459.95703125;45459.95703125;45459.95703125;89243648;BTC-USD
2021-09-08 08:33:00+01:00;45424.0;45424.0;45424.0;45424.0;45424.0;35139584;BTC-USD
2021-09-08 08:34:00+01:00;45387.01953125;45387.01953125;45387.01953125;45387.01953125;45387.01953125;25874432;BTC-USD
2021-09-08 08:35:00+01:00;45371.1640625;45371.1640625;45371.1640625;45371.1640625;45371.1640625;0;BTC-USD
2021-09-08 08:36:00+01:00;45438.97265625;45438.97265625;45438.97265625;45438.97265625;45438.97265625;27385856;BTC-USD
2021-09-08 08:37:00+01:00;45339.44921875;45339.44921875;45339.44921875;45339.44921875;45339.44921875;0;BTC-USD
2021-09-08 08:38:00+01:00;45383.60546875;45383.60546875;45383.60546875;45383.60546875;45383.60546875;0;BTC-USD
2021-09-08 08:39:00+01:00;45361.75;45361.75;45361.75;45361.75;45361.75;2048000;BTC-USD
2021-09-08 08:40:00+01:00;45330.01171875;45330.01171875;45330.01171875;45330.01171875;45330.01171875;0;BTC-USD
2021-09-08 08:41:00+01:00;45342.8203125;45342.8203125;45342.8203125;45342.8203125;45342.8203125;0;BTC-USD
2021-09-08 08:42:00+01:00;45354.28125;45354.28125;45354.28125;45354.28125;45354.28125;2326528;BTC-USD
2021-09-08 08:43:00+01:00;45415.21875;45415.21875;45415.21875;45415.21875;45415.21875;11902976;BTC-USD
2021-09-08 08:44:00+01:00;45370.66796875;45370.66796875;45370.66796875;45370.66796875;45370.66796875;6230016;BTC-USD
2021-09-08 08:45:00+01:00;45326.421875;45326.421875;45326.421875;45326.421875;45326.421875;0;BTC-USD
2021-09-08 08:46:00+01:00;45281.75390625;45281.75390625;45281.75390625;45281.75390625;45281.75390625;0;BTC-USD
2021-09-08 08:47:00+01:00;45354.66015625;45354.66015625;45354.66015625;45354.66015625;45354.66015625;35127296;BTC-USD
2021-09-08 08:48:00+01:00;45382.24609375;45382.24609375;45382.24609375;45382.24609375;45382.24609375;54673408;BTC-USD
2021-09-08 08:49:00+01:00;45310.99609375;45310.99609375;45310.99609375;45310.99609375;45310.99609375;0;BTC-USD
2021-09-08 08:50:00+01:00;45282.5546875;45282.5546875;45282.5546875;45282.5546875;45282.5546875;0;BTC-USD
2021-09-08 08:51:00+01:00;45334.0;45334.0;45334.0;45334.0;45334.0;43556864;BTC-USD
2021-09-08 08:52:00+01:00;45247.09375;45247.09375;45247.09375;45247.09375;45247.09375;0;BTC-USD
2021-09-08 08:53:00+01:00;45230.12109375;45230.12109375;45230.12109375;45230.12109375;45230.12109375;0;BTC-USD
2021-09-08 08:54:00+01:00;45190.109375;45190.109375;45190.109375;45190.109375;45190.109375;0;BTC-USD
2021-09-08 08:55:00+01:00;45145.86328125;45145.86328125;45145.86328125;45145.86328125;45145.86328125;0;BTC-USD
2021-09-08 08:56:00+01:00;45189.046875;45189.046875;45189.046875;45189.046875;45189.046875;13291520;BTC-USD
2021-09-08 08:57:00+01:00;45224.70703125;45224.70703125;45224.70703125;45224.70703125;45224.70703125;45936640;BTC-USD
2021-09-08 08:58:00+01:00;45155.19140625;45155.19140625;45155.19140625;45155.19140625;45155.19140625;10317824;BTC-USD
2021-09-08 08:59:00+01:00;45192.33984375;45192.33984375;45192.33984375;45192.33984375;45192.33984375;0;BTC-USD
2021-09-08 09:00:00+01:00;45123.8125;45123.8125;45123.8125;45123.8125;45123.8125;0;BTC-USD
2021-09-08 09:01:00+01:00;45125.77734375;45125.77734375;45125.77734375;45125.77734375;45125.77734375;0;BTC-USD
2021-09-08 09:02:00+01:00;45120.29296875;45120.29296875;45120.29296875;45120.29296875;45120.29296875;0;BTC-USD
2021-09-08 09:03:00+01:00;45261.33203125;45261.33203125;45261.33203125;45261.33203125;45261.33203125;92872704;BTC-USD
2021-09-08 09:04:00+01:00;45286.1875;45286.1875;45286.1875;45286.1875;45286.1875;118030336;BTC-USD
2021-09-08 09:05:00+01:00;45219.05078125;45219.05078125;45219.05078125;45219.05078125;45219.05078125;0;BTC-USD
2021-09-08 09:06:00+01:00;45245.5234375;45245.5234375;45245.5234375;45245.5234375;45245.5234375;0;BTC-USD
2021-09-08 09:07:00+01:00;45339.140625;45339.140625;45339.140625;45339.140625;45339.140625;59863040;BTC-USD
2021-09-08 09:08:00+01:00;45232.23828125;45232.23828125;45232.23828125;45232.23828125;45232.23828125;19718144;BTC-USD
2021-09-08 09:09:00+01:00;45170.76953125;45170.76953125;45170.76953125;45170.76953125;45170.76953125;0;BTC-USD
2021-09-08 09:10:00+01:00;45174.11328125;45174.11328125;45174.11328125;45174.11328125;45174.11328125;0;BTC-USD
2021-09-08 09:11:00+01:00;45230.89453125;45230.89453125;45230.89453125;45230.89453125;45230.89453125;40833024;BTC-USD
2021-09-08 09:12:00+01:00;45202.40234375;45202.40234375;45202.40234375;45202.40234375;45202.40234375;0;BTC-USD
2021-09-08 09:13:00+01:00;45186.171875;45186.171875;45186.171875;45186.171875;45186.171875;5062656;BTC-USD
2021-09-08 09:14:00+01:00;45180.6328125;45180.6328125;45180.6328125;45180.6328125;45180.6328125;0;BTC-USD
2021-09-08 09:15:00+01:00;44924.16796875;44924.16796875;44924.16796875;44924.16796875;44924.16796875;0;BTC-USD
2021-09-08 09:16:00+01:00;44803.57421875;44803.57421875;44803.57421875;44803.57421875;44803.57421875;0;BTC-USD
2021-09-08 09:17:00+01:00;44754.625;44754.625;44754.625;44754.625;44754.625;0;BTC-USD
2021-09-08 09:18:00+01:00;44719.94921875;44719.94921875;44719.94921875;44719.94921875;44719.94921875;3350528;BTC-USD
2021-09-08 09:19:00+01:00;44675.9921875;44675.9921875;44675.9921875;44675.9921875;44675.9921875;0;BTC-USD
2021-09-08 09:20:00+01:00;44669.94921875;44669.94921875;44669.94921875;44669.94921875;44669.94921875;0;BTC-USD
2021-09-08 09:21:00+01:00;44719.203125;44719.203125;44719.203125;44719.203125;44719.203125;19259392;BTC-USD
2021-09-08 09:22:00+01:00;44671.296875;44671.296875;44671.296875;44671.296875;44671.296875;52797440;BTC-USD
2021-09-08 09:23:00+01:00;44571.640625;44571.640625;44571.640625;44571.640625;44571.640625;0;BTC-USD
2021-09-08 09:24:00+01:00;44561.39453125;44561.39453125;44561.39453125;44561.39453125;44561.39453125;0;BTC-USD
2021-09-08 09:25:00+01:00;44565.06640625;44565.06640625;44565.06640625;44565.06640625;44565.06640625;0;BTC-USD
2021-09-08 09:26:00+01:00;44602.82421875;44602.82421875;44602.82421875;44602.82421875;44602.82421875;17465344;BTC-USD
2021-09-08 09:27:00+01:00;44573.875;44573.875;44573.875;44573.875;44573.875;18124800;BTC-USD
2021-09-08 09:28:00+01:00;44641.3125;44641.3125;44641.3125;44641.3125;44641.3125;19054592;BTC-USD
2021-09-08 09:29:00+01:00;44772.78515625;44772.78515625;44772.78515625;44772.78515625;44772.78515625;50900992;BTC-USD
2021-09-08 09:30:00+01:00;45039.2265625;45039.2265625;45039.2265625;45039.2265625;45039.2265625;172965888;BTC-USD
2021-09-08 09:31:00+01:00;45357.5859375;45357.5859375;45357.5859375;45357.5859375;45357.5859375;271065088;BTC-USD
2021-09-08 09:32:00+01:00;45381.37890625;45381.37890625;45381.37890625;45381.37890625;45381.37890625;56360960;BTC-USD
2021-09-08 09:33:00+01:00;45468.8515625;45468.8515625;45468.8515625;45468.8515625;45468.8515625;40787968;BTC-USD
2021-09-08 09:34:00+01:00;45481.40234375;45481.40234375;45481.40234375;45481.40234375;45481.40234375;123969536;BTC-USD
2021-09-08 09:35:00+01:00;45556.23046875;45556.23046875;45556.23046875;45556.23046875;45556.23046875;25862144;BTC-USD
2021-09-08 09:36:00+01:00;45656.27734375;45656.27734375;45656.27734375;45656.27734375;45656.27734375;0;BTC-USD
2021-09-08 09:37:00+01:00;45676.609375;45676.609375;45676.609375;45676.609375;45676.609375;86102016;BTC-USD
2021-09-08 09:38:00+01:00;45640.14453125;45640.14453125;45640.14453125;45640.14453125;45640.14453125;0;BTC-USD
2021-09-08 09:39:00+01:00;45594.74609375;45594.74609375;45594.74609375;45594.74609375;45594.74609375;0;BTC-USD
2021-09-08 09:40:00+01:00;45713.3984375;45713.3984375;45713.3984375;45713.3984375;45713.3984375;12070912;BTC-USD
2021-09-08 09:41:00+01:00;45702.1796875;45702.1796875;45702.1796875;45702.1796875;45702.1796875;17506304;BTC-USD
2021-09-08 09:42:00+01:00;45661.1953125;45661.1953125;45661.1953125;45661.1953125;45661.1953125;0;BTC-USD
2021-09-08 09:43:00+01:00;45614.85546875;45614.85546875;45614.85546875;45614.85546875;45614.85546875;0;BTC-USD
2021-09-08 09:44:00+01:00;45642.671875;45642.671875;45642.671875;45642.671875;45642.671875;0;BTC-USD
2021-09-08 09:45:00+01:00;45713.32421875;45713.32421875;45713.32421875;45713.32421875;45713.32421875;15151104;BTC-USD
2021-09-08 09:46:00+01:00;45683.46875;45683.46875;45683.46875;45683.46875;45683.46875;0;BTC-USD
2021-09-08 09:47:00+01:00;45826.62109375;45826.62109375;45826.62109375;45826.62109375;45826.62109375;54964224;BTC-USD
2021-09-08 09:48:00+01:00;45867.890625;45867.890625;45867.890625;45867.890625;45867.890625;94101504;BTC-USD
2021-09-08 09:49:00+01:00;45833.65625;45833.65625;45833.65625;45833.65625;45833.65625;76455936;BTC-USD
2021-09-08 09:50:00+01:00;45841.4296875;45841.4296875;45841.4296875;45841.4296875;45841.4296875;0;BTC-USD
2021-09-08 09:51:00+01:00;45792.06640625;45792.06640625;45792.06640625;45792.06640625;45792.06640625;0;BTC-USD
2021-09-08 09:52:00+01:00;45810.04296875;45810.04296875;45810.04296875;45810.04296875;45810.04296875;0;BTC-USD
2021-09-08 09:53:00+01:00;45776.0703125;45776.0703125;45776.0703125;45776.0703125;45776.0703125;0;BTC-USD
2021-09-08 09:54:00+01:00;45805.23828125;45805.23828125;45805.23828125;45805.23828125;45805.23828125;0;BTC-USD
2021-09-08 09:55:00+01:00;45838.734375;45838.734375;45838.734375;45838.734375;45838.734375;27176960;BTC-USD
2021-09-08 09:56:00+01:00;45847.73828125;45847.73828125;45847.73828125;45847.73828125;45847.73828125;1343488;BTC-USD
2021-09-08 09:57:00+01:00;45820.11328125;45820.11328125;45820.11328125;45820.11328125;45820.11328125;0;BTC-USD
2021-09-08 09:58:00+01:00;45955.8359375;45955.8359375;45955.8359375;45955.8359375;45955.8359375;82878464;BTC-USD
2021-09-08 09:59:00+01:00;45957.79296875;45957.79296875;45957.79296875;45957.79296875;45957.79296875;62251008;BTC-USD
2021-09-08 10:00:00+01:00;45986.421875;45986.421875;45986.421875;45986.421875;45986.421875;24002560;BTC-USD
2021-09-08 10:01:00+01:00;46042.2734375;46042.2734375;46042.2734375;46042.2734375;46042.2734375;17313792;BTC-USD
2021-09-08 10:04:00+01:00;45840.05859375;45840.05859375;45840.05859375;45840.05859375;45840.05859375;0;BTC-USD
2021-09-08 10:05:00+01:00;45802.875;45802.875;45802.875;45802.875;45802.875;0;BTC-USD
2021-09-08 10:06:00+01:00;45837.25;45837.25;45837.25;45837.25;45837.25;0;BTC-USD
2021-09-08 10:07:00+01:00;45819.43359375;45819.43359375;45819.43359375;45819.43359375;45819.43359375;0;BTC-USD
2021-09-08 10:08:00+01:00;45815.73046875;45815.73046875;45815.73046875;45815.73046875;45815.73046875;0;BTC-USD
2021-09-08 10:09:00+01:00;45808.7109375;45808.7109375;45808.7109375;45808.7109375;45808.7109375;0;BTC-USD
2021-09-08 10:10:00+01:00;45809.59765625;45809.59765625;45809.59765625;45809.59765625;45809.59765625;0;BTC-USD
2021-09-08 10:11:00+01:00;45872.80078125;45872.80078125;45872.80078125;45872.80078125;45872.80078125;25387008;BTC-USD
2021-09-08 10:12:00+01:00;45885.19140625;45885.19140625;45885.19140625;45885.19140625;45885.19140625;42135552;BTC-USD
2021-09-08 10:13:00+01:00;45831.58984375;45831.58984375;45831.58984375;45831.58984375;45831.58984375;0;BTC-USD
2021-09-08 10:14:00+01:00;45845.8828125;45845.8828125;45845.8828125;45845.8828125;45845.8828125;0;BTC-USD
2021-09-08 10:15:00+01:00;45830.98828125;45830.98828125;45830.98828125;45830.98828125;45830.98828125;1953792;BTC-USD
2021-09-08 10:16:00+01:00;45858.2109375;45858.2109375;45858.2109375;45858.2109375;45858.2109375;0;BTC-USD
2021-09-08 10:17:00+01:00;45911.7421875;45911.7421875;45911.7421875;45911.7421875;45911.7421875;36470784;BTC-USD
2021-09-08 10:18:00+01:00;45978.22265625;45978.22265625;45978.22265625;45978.22265625;45978.22265625;76464128;BTC-USD
2021-09-08 10:19:00+01:00;46084.90234375;46084.90234375;46084.90234375;46084.90234375;46084.90234375;171794432;BTC-USD
2021-09-08 10:20:00+01:00;46082.8515625;46082.8515625;46082.8515625;46082.8515625;46082.8515625;61739008;BTC-USD
2021-09-08 10:21:00+01:00;46097.875;46097.875;46097.875;46097.875;46097.875;6508544;BTC-USD
2021-09-08 10:22:00+01:00;46108.42578125;46108.42578125;46108.42578125;46108.42578125;46108.42578125;65806336;BTC-USD
2021-09-08 10:23:00+01:00;46179.40625;46179.40625;46179.40625;46179.40625;46179.40625;44285952;BTC-USD
2021-09-08 10:24:00+01:00;46152.65234375;46152.65234375;46152.65234375;46152.65234375;46152.65234375;38514688;BTC-USD
2021-09-08 10:25:00+01:00;46133.90234375;46133.90234375;46133.90234375;46133.90234375;46133.90234375;35573760;BTC-USD
2021-09-08 10:26:00+01:00;46085.40625;46085.40625;46085.40625;46085.40625;46085.40625;0;BTC-USD
2021-09-08 10:27:00+01:00;46071.83203125;46071.83203125;46071.83203125;46071.83203125;46071.83203125;0;BTC-USD
2021-09-08 10:28:00+01:00;46045.32421875;46045.32421875;46045.32421875;46045.32421875;46045.32421875;0;BTC-USD
2021-09-08 10:29:00+01:00;46055.4296875;46055.4296875;46055.4296875;46055.4296875;46055.4296875;0;BTC-USD
2021-09-08 10:30:00+01:00;46053.44140625;46053.44140625;46053.44140625;46053.44140625;46053.44140625;0;BTC-USD
2021-09-08 10:31:00+01:00;46055.3671875;46055.3671875;46055.3671875;46055.3671875;46055.3671875;0;BTC-USD
2021-09-08 10:32:00+01:00;46110.8203125;46110.8203125;46110.8203125;46110.8203125;46110.8203125;35364864;BTC-USD
2021-09-08 10:33:00+01:00;46064.546875;46064.546875;46064.546875;46064.546875;46064.546875;0;BTC-USD
2021-09-08 10:34:00+01:00;46093.2734375;46093.2734375;46093.2734375;46093.2734375;46093.2734375;688128;BTC-USD
2021-09-08 10:35:00+01:00;46053.765625;46053.765625;46053.765625;46053.765625;46053.765625;0;BTC-USD
2021-09-08 10:36:00+01:00;46028.85546875;46028.85546875;46028.85546875;46028.85546875;46028.85546875;0;BTC-USD
2021-09-08 10:37:00+01:00;46027.22265625;46027.22265625;46027.22265625;46027.22265625;46027.22265625;10309632;BTC-USD
2021-09-08 10:38:00+01:00;46041.66796875;46041.66796875;46041.66796875;46041.66796875;46041.66796875;2609152;BTC-USD
2021-09-08 10:39:00+01:00;46085.046875;46085.046875;46085.046875;46085.046875;46085.046875;23642112;BTC-USD
2021-09-08 10:40:00+01:00;46104.92578125;46104.92578125;46104.92578125;46104.92578125;46104.92578125;61349888;BTC-USD
2021-09-08 10:41:00+01:00;46091.515625;46091.515625;46091.515625;46091.515625;46091.515625;0;BTC-USD
2021-09-08 10:42:00+01:00;46079.9765625;46079.9765625;46079.9765625;46079.9765625;46079.9765625;0;BTC-USD
2021-09-08 10:43:00+01:00;46053.93359375;46053.93359375;46053.93359375;46053.93359375;46053.93359375;0;BTC-USD
2021-09-08 10:44:00+01:00;46079.97265625;46079.97265625;46079.97265625;46079.97265625;46079.97265625;0;BTC-USD
2021-09-08 10:45:00+01:00;46111.30859375;46111.30859375;46111.30859375;46111.30859375;46111.30859375;0;BTC-USD
2021-09-08 10:46:00+01:00;46163.1796875;46163.1796875;46163.1796875;46163.1796875;46163.1796875;0;BTC-USD
2021-09-08 10:47:00+01:00;46157.1484375;46157.1484375;46157.1484375;46157.1484375;46157.1484375;0;BTC-USD
2021-09-08 10:48:00+01:00;46091.89453125;46091.89453125;46091.89453125;46091.89453125;46091.89453125;0;BTC-USD
2021-09-08 10:49:00+01:00;46112.48828125;46112.48828125;46112.48828125;46112.48828125;46112.48828125;0;BTC-USD
2021-09-08 10:50:00+01:00;46183.6953125;46183.6953125;46183.6953125;46183.6953125;46183.6953125;4571136;BTC-USD
2021-09-08 10:51:00+01:00;46164.59375;46164.59375;46164.59375;46164.59375;46164.59375;0;BTC-USD
2021-09-08 10:52:00+01:00;46134.15625;46134.15625;46134.15625;46134.15625;46134.15625;0;BTC-USD
2021-09-08 10:53:00+01:00;46151.08984375;46151.08984375;46151.08984375;46151.08984375;46151.08984375;0;BTC-USD
2021-09-08 10:54:00+01:00;46198.59375;46198.59375;46198.59375;46198.59375;46198.59375;22716416;BTC-USD
2021-09-08 10:55:00+01:00;46295.35546875;46295.35546875;46295.35546875;46295.35546875;46295.35546875;37842944;BTC-USD
2021-09-08 10:56:00+01:00;46248.9609375;46248.9609375;46248.9609375;46248.9609375;46248.9609375;11112448;BTC-USD
2021-09-08 10:57:00+01:00;46234.203125;46234.203125;46234.203125;46234.203125;46234.203125;0;BTC-USD
2021-09-08 10:58:00+01:00;46215.9609375;46215.9609375;46215.9609375;46215.9609375;46215.9609375;0;BTC-USD
2021-09-08 10:59:00+01:00;46216.8828125;46216.8828125;46216.8828125;46216.8828125;46216.8828125;0;BTC-USD
2021-09-08 11:00:00+01:00;46267.54296875;46267.54296875;46267.54296875;46267.54296875;46267.54296875;27590656;BTC-USD
2021-09-08 11:01:00+01:00;46234.015625;46234.015625;46234.015625;46234.015625;46234.015625;0;BTC-USD
2021-09-08 11:02:00+01:00;46181.38671875;46181.38671875;46181.38671875;46181.38671875;46181.38671875;0;BTC-USD
2021-09-08 11:03:00+01:00;46132.7265625;46132.7265625;46132.7265625;46132.7265625;46132.7265625;0;BTC-USD
2021-09-08 11:04:00+01:00;46128.546875;46128.546875;46128.546875;46128.546875;46128.546875;0;BTC-USD
2021-09-08 11:05:00+01:00;46111.3828125;46111.3828125;46111.3828125;46111.3828125;46111.3828125;0;BTC-USD
2021-09-08 11:06:00+01:00;46087.28125;46087.28125;46087.28125;46087.28125;46087.28125;0;BTC-USD
2021-09-08 11:07:00+01:00;46085.73046875;46085.73046875;46085.73046875;46085.73046875;46085.73046875;0;BTC-USD
2021-09-08 11:08:00+01:00;46111.23828125;46111.23828125;46111.23828125;46111.23828125;46111.23828125;2023424;BTC-USD
2021-09-08 11:09:00+01:00;46083.046875;46083.046875;46083.046875;46083.046875;46083.046875;1839104;BTC-USD
2021-09-08 11:10:00+01:00;46129.5;46129.5;46129.5;46129.5;46129.5;29724672;BTC-USD
2021-09-08 11:11:00+01:00;46167.171875;46167.171875;46167.171875;46167.171875;46167.171875;20856832;BTC-USD
2021-09-08 11:12:00+01:00;46226.2265625;46226.2265625;46226.2265625;46226.2265625;46226.2265625;31739904;BTC-USD
2021-09-08 11:13:00+01:00;46186.32421875;46186.32421875;46186.32421875;46186.32421875;46186.32421875;30633984;BTC-USD
2021-09-08 11:14:00+01:00;46201.01171875;46201.01171875;46201.01171875;46201.01171875;46201.01171875;0;BTC-USD
2021-09-08 11:15:00+01:00;46169.21484375;46169.21484375;46169.21484375;46169.21484375;46169.21484375;0;BTC-USD
2021-09-08 11:16:00+01:00;46213.296875;46213.296875;46213.296875;46213.296875;46213.296875;1118208;BTC-USD
2021-09-08 11:17:00+01:00;46198.11328125;46198.11328125;46198.11328125;46198.11328125;46198.11328125;2359296;BTC-USD
2021-09-08 11:18:00+01:00;46199.9296875;46199.9296875;46199.9296875;46199.9296875;46199.9296875;0;BTC-USD
2021-09-08 11:19:00+01:00;46228.1875;46228.1875;46228.1875;46228.1875;46228.1875;46587904;BTC-USD
2021-09-08 11:20:00+01:00;46227.5390625;46227.5390625;46227.5390625;46227.5390625;46227.5390625;798720;BTC-USD
2021-09-08 11:21:00+01:00;46265.3984375;46265.3984375;46265.3984375;46265.3984375;46265.3984375;9650176;BTC-USD
2021-09-08 11:22:00+01:00;46271.23046875;46271.23046875;46271.23046875;46271.23046875;46271.23046875;41594880;BTC-USD
2021-09-08 11:23:00+01:00;46239.16015625;46239.16015625;46239.16015625;46239.16015625;46239.16015625;0;BTC-USD
2021-09-08 11:24:00+01:00;46199.34375;46199.34375;46199.34375;46199.34375;46199.34375;0;BTC-USD
2021-09-08 11:25:00+01:00;46172.5625;46172.5625;46172.5625;46172.5625;46172.5625;0;BTC-USD
2021-09-08 11:26:00+01:00;46166.21875;46166.21875;46166.21875;46166.21875;46166.21875;0;BTC-USD
2021-09-08 11:27:00+01:00;46099.296875;46099.296875;46099.296875;46099.296875;46099.296875;0;BTC-USD
2021-09-08 11:28:00+01:00;46117.27734375;46117.27734375;46117.27734375;46117.27734375;46117.27734375;0;BTC-USD
2021-09-08 11:29:00+01:00;46091.20703125;46091.20703125;46091.20703125;46091.20703125;46091.20703125;0;BTC-USD
2021-09-08 11:30:00+01:00;46087.4453125;46087.4453125;46087.4453125;46087.4453125;46087.4453125;0;BTC-USD
2021-09-08 11:31:00+01:00;46156.64453125;46156.64453125;46156.64453125;46156.64453125;46156.64453125;50024448;BTC-USD
2021-09-08 11:32:00+01:00;46169.41015625;46169.41015625;46169.41015625;46169.41015625;46169.41015625;29720576;BTC-USD
2021-09-08 11:33:00+01:00;46156.9765625;46156.9765625;46156.9765625;46156.9765625;46156.9765625;528384;BTC-USD
2021-09-08 11:34:00+01:00;46077.03125;46077.03125;46077.03125;46077.03125;46077.03125;27230208;BTC-USD
2021-09-08 11:35:00+01:00;45956.9609375;45956.9609375;45956.9609375;45956.9609375;45956.9609375;0;BTC-USD
2021-09-08 11:36:00+01:00;45981.68359375;45981.68359375;45981.68359375;45981.68359375;45981.68359375;0;BTC-USD
2021-09-08 11:37:00+01:00;45958.73828125;45958.73828125;45958.73828125;45958.73828125;45958.73828125;0;BTC-USD
2021-09-08 11:38:00+01:00;45988.453125;45988.453125;45988.453125;45988.453125;45988.453125;0;BTC-USD
2021-09-08 11:39:00+01:00;45959.64453125;45959.64453125;45959.64453125;45959.64453125;45959.64453125;4755456;BTC-USD
2021-09-08 11:40:00+01:00;45947.5390625;45947.5390625;45947.5390625;45947.5390625;45947.5390625;21864448;BTC-USD
2021-09-08 11:41:00+01:00;45879.578125;45879.578125;45879.578125;45879.578125;45879.578125;0;BTC-USD
2021-09-08 11:42:00+01:00;45927.9453125;45927.9453125;45927.9453125;45927.9453125;45927.9453125;0;BTC-USD
2021-09-08 11:43:00+01:00;45982.5390625;45982.5390625;45982.5390625;45982.5390625;45982.5390625;30621696;BTC-USD
2021-09-08 11:44:00+01:00;45973.484375;45973.484375;45973.484375;45973.484375;45973.484375;13406208;BTC-USD
2021-09-08 11:45:00+01:00;46012.80859375;46012.80859375;46012.80859375;46012.80859375;46012.80859375;17117184;BTC-USD
2021-09-08 11:46:00+01:00;46109.08984375;46109.08984375;46109.08984375;46109.08984375;46109.08984375;113115136;BTC-USD
2021-09-08 11:47:00+01:00;46174.74609375;46174.74609375;46174.74609375;46174.74609375;46174.74609375;61063168;BTC-USD
2021-09-08 11:48:00+01:00;46133.30078125;46133.30078125;46133.30078125;46133.30078125;46133.30078125;0;BTC-USD
2021-09-08 11:49:00+01:00;46227.1953125;46227.1953125;46227.1953125;46227.1953125;46227.1953125;103616512;BTC-USD
2021-09-08 11:50:00+01:00;46242.2421875;46242.2421875;46242.2421875;46242.2421875;46242.2421875;48787456;BTC-USD
2021-09-08 11:51:00+01:00;46321.375;46321.375;46321.375;46321.375;46321.375;40972288;BTC-USD
2021-09-08 11:52:00+01:00;46466.65625;46466.65625;46466.65625;46466.65625;46466.65625;225595392;BTC-USD
2021-09-08 11:53:00+01:00;46517.7734375;46517.7734375;46517.7734375;46517.7734375;46517.7734375;112050176;BTC-USD
2021-09-08 11:54:00+01:00;46498.3125;46498.3125;46498.3125;46498.3125;46498.3125;18087936;BTC-USD
2021-09-08 11:55:00+01:00;46532.19921875;46532.19921875;46532.19921875;46532.19921875;46532.19921875;98881536;BTC-USD
2021-09-08 11:56:00+01:00;46514.03125;46514.03125;46514.03125;46514.03125;46514.03125;6283264;BTC-USD
2021-09-08 11:57:00+01:00;46485.265625;46485.265625;46485.265625;46485.265625;46485.265625;0;BTC-USD
2021-09-08 11:58:00+01:00;46470.58984375;46470.58984375;46470.58984375;46470.58984375;46470.58984375;7135232;BTC-USD
2021-09-08 11:59:00+01:00;46486.85546875;46486.85546875;46486.85546875;46486.85546875;46486.85546875;2580480;BTC-USD
2021-09-08 12:00:00+01:00;46487.0;46487.0;46487.0;46487.0;46487.0;0;BTC-USD
2021-09-08 12:01:00+01:00;46476.78125;46476.78125;46476.78125;46476.78125;46476.78125;0;BTC-USD
2021-09-08 12:02:00+01:00;46432.015625;46432.015625;46432.015625;46432.015625;46432.015625;0;BTC-USD
2021-09-08 12:03:00+01:00;46421.1875;46421.1875;46421.1875;46421.1875;46421.1875;0;BTC-USD
2021-09-08 12:04:00+01:00;46386.86328125;46386.86328125;46386.86328125;46386.86328125;46386.86328125;0;BTC-USD
2021-09-08 12:05:00+01:00;46436.68359375;46436.68359375;46436.68359375;46436.68359375;46436.68359375;13651968;BTC-USD
2021-09-08 12:06:00+01:00;46414.17578125;46414.17578125;46414.17578125;46414.17578125;46414.17578125;0;BTC-USD
2021-09-08 12:07:00+01:00;46389.58984375;46389.58984375;46389.58984375;46389.58984375;46389.58984375;249655296;BTC-USD
2021-09-08 12:08:00+01:00;46445.63671875;46445.63671875;46445.63671875;46445.63671875;46445.63671875;8024064;BTC-USD
2021-09-08 12:09:00+01:00;46443.0234375;46443.0234375;46443.0234375;46443.0234375;46443.0234375;25714688;BTC-USD
2021-09-08 12:10:00+01:00;46569.67578125;46569.67578125;46569.67578125;46569.67578125;46569.67578125;60219392;BTC-USD
2021-09-08 12:11:00+01:00;46592.48828125;46592.48828125;46592.48828125;46592.48828125;46592.48828125;59920384;BTC-USD
2021-09-08 12:12:00+01:00;46735.48046875;46735.48046875;46735.48046875;46735.48046875;46735.48046875;111357952;BTC-USD
2021-09-08 12:13:00+01:00;46705.07421875;46705.07421875;46705.07421875;46705.07421875;46705.07421875;83427328;BTC-USD
2021-09-08 12:14:00+01:00;46681.98046875;46681.98046875;46681.98046875;46681.98046875;46681.98046875;0;BTC-USD
2021-09-08 12:15:00+01:00;46635.08984375;46635.08984375;46635.08984375;46635.08984375;46635.08984375;0;BTC-USD
2021-09-08 12:16:00+01:00;46596.88671875;46596.88671875;46596.88671875;46596.88671875;46596.88671875;0;BTC-USD
2021-09-08 12:17:00+01:00;46534.02734375;46534.02734375;46534.02734375;46534.02734375;46534.02734375;0;BTC-USD
2021-09-08 12:18:00+01:00;46518.52734375;46518.52734375;46518.52734375;46518.52734375;46518.52734375;0;BTC-USD
2021-09-08 12:19:00+01:00;46510.578125;46510.578125;46510.578125;46510.578125;46510.578125;0;BTC-USD
2021-09-08 12:20:00+01:00;46563.60546875;46563.60546875;46563.60546875;46563.60546875;46563.60546875;20234240;BTC-USD
2021-09-08 12:21:00+01:00;46577.859375;46577.859375;46577.859375;46577.859375;46577.859375;18788352;BTC-USD
2021-09-08 12:22:00+01:00;46559.3125;46559.3125;46559.3125;46559.3125;46559.3125;7016448;BTC-USD
2021-09-08 12:23:00+01:00;46515.73046875;46515.73046875;46515.73046875;46515.73046875;46515.73046875;0;BTC-USD
2021-09-08 12:24:00+01:00;46629.7421875;46629.7421875;46629.7421875;46629.7421875;46629.7421875;37904384;BTC-USD
2021-09-08 12:25:00+01:00;46651.69921875;46651.69921875;46651.69921875;46651.69921875;46651.69921875;94031872;BTC-USD
2021-09-08 12:26:00+01:00;46605.84375;46605.84375;46605.84375;46605.84375;46605.84375;0;BTC-USD
2021-09-08 12:27:00+01:00;46595.0078125;46595.0078125;46595.0078125;46595.0078125;46595.0078125;0;BTC-USD
2021-09-08 12:28:00+01:00;46598.51171875;46598.51171875;46598.51171875;46598.51171875;46598.51171875;0;BTC-USD
2021-09-08 12:29:00+01:00;46655.7265625;46655.7265625;46655.7265625;46655.7265625;46655.7265625;17195008;BTC-USD
2021-09-08 12:30:00+01:00;46639.41015625;46639.41015625;46639.41015625;46639.41015625;46639.41015625;17047552;BTC-USD
2021-09-08 12:31:00+01:00;46660.8125;46660.8125;46660.8125;46660.8125;46660.8125;0;BTC-USD
2021-09-08 12:32:00+01:00;46606.421875;46606.421875;46606.421875;46606.421875;46606.421875;0;BTC-USD
2021-09-08 12:33:00+01:00;46559.6875;46559.6875;46559.6875;46559.6875;46559.6875;0;BTC-USD
2021-09-08 12:34:00+01:00;46549.58203125;46549.58203125;46549.58203125;46549.58203125;46549.58203125;0;BTC-USD
2021-09-08 12:35:00+01:00;46571.7578125;46571.7578125;46571.7578125;46571.7578125;46571.7578125;0;BTC-USD
2021-09-08 12:36:00+01:00;46549.31640625;46549.31640625;46549.31640625;46549.31640625;46549.31640625;0;BTC-USD
2021-09-08 12:37:00+01:00;46522.8671875;46522.8671875;46522.8671875;46522.8671875;46522.8671875;0;BTC-USD
2021-09-08 12:38:00+01:00;46503.66796875;46503.66796875;46503.66796875;46503.66796875;46503.66796875;0;BTC-USD
2021-09-08 12:39:00+01:00;46519.88671875;46519.88671875;46519.88671875;46519.88671875;46519.88671875;0;BTC-USD
2021-09-08 12:40:00+01:00;46526.97265625;46526.97265625;46526.97265625;46526.97265625;46526.97265625;0;BTC-USD
2021-09-08 12:41:00+01:00;46509.796875;46509.796875;46509.796875;46509.796875;46509.796875;0;BTC-USD
2021-09-08 12:42:00+01:00;46495.390625;46495.390625;46495.390625;46495.390625;46495.390625;0;BTC-USD
2021-09-08 12:43:00+01:00;46496.41015625;46496.41015625;46496.41015625;46496.41015625;46496.41015625;0;BTC-USD
2021-09-08 12:44:00+01:00;46471.61328125;46471.61328125;46471.61328125;46471.61328125;46471.61328125;0;BTC-USD
2021-09-08 12:45:00+01:00;46497.6875;46497.6875;46497.6875;46497.6875;46497.6875;9695232;BTC-USD
2021-09-08 12:46:00+01:00;46495.0390625;46495.0390625;46495.0390625;46495.0390625;46495.0390625;0;BTC-USD
2021-09-08 12:47:00+01:00;46558.07421875;46558.07421875;46558.07421875;46558.07421875;46558.07421875;22831104;BTC-USD
2021-09-08 12:48:00+01:00;46531.890625;46531.890625;46531.890625;46531.890625;46531.890625;21336064;BTC-USD
2021-09-08 12:49:00+01:00;46521.125;46521.125;46521.125;46521.125;46521.125;0;BTC-USD
2021-09-08 12:50:00+01:00;46535.9609375;46535.9609375;46535.9609375;46535.9609375;46535.9609375;0;BTC-USD
2021-09-08 12:51:00+01:00;46558.91796875;46558.91796875;46558.91796875;46558.91796875;46558.91796875;23465984;BTC-USD
2021-09-08 12:52:00+01:00;46522.1171875;46522.1171875;46522.1171875;46522.1171875;46522.1171875;0;BTC-USD
2021-09-08 12:53:00+01:00;46503.65234375;46503.65234375;46503.65234375;46503.65234375;46503.65234375;0;BTC-USD
2021-09-08 12:54:00+01:00;46484.50390625;46484.50390625;46484.50390625;46484.50390625;46484.50390625;0;BTC-USD
2021-09-08 12:55:00+01:00;46534.16015625;46534.16015625;46534.16015625;46534.16015625;46534.16015625;0;BTC-USD
2021-09-08 12:56:00+01:00;46543.44921875;46543.44921875;46543.44921875;46543.44921875;46543.44921875;20652032;BTC-USD
2021-09-08 12:57:00+01:00;46523.27734375;46523.27734375;46523.27734375;46523.27734375;46523.27734375;0;BTC-USD
2021-09-08 12:58:00+01:00;46548.96875;46548.96875;46548.96875;46548.96875;46548.96875;0;BTC-USD
2021-09-08 12:59:00+01:00;46513.00390625;46513.00390625;46513.00390625;46513.00390625;46513.00390625;0;BTC-USD
2021-09-08 13:00:00+01:00;46438.74609375;46438.74609375;46438.74609375;46438.74609375;46438.74609375;0;BTC-USD
2021-09-08 13:01:00+01:00;46518.8125;46518.8125;46518.8125;46518.8125;46518.8125;0;BTC-USD
2021-09-08 13:02:00+01:00;46522.03515625;46522.03515625;46522.03515625;46522.03515625;46522.03515625;31440896;BTC-USD
2021-09-08 13:03:00+01:00;46488.93359375;46488.93359375;46488.93359375;46488.93359375;46488.93359375;0;BTC-USD
2021-09-08 13:04:00+01:00;46522.3671875;46522.3671875;46522.3671875;46522.3671875;46522.3671875;0;BTC-USD
2021-09-08 13:05:00+01:00;46554.9765625;46554.9765625;46554.9765625;46554.9765625;46554.9765625;20111360;BTC-USD
2021-09-08 13:06:00+01:00;46584.3984375;46584.3984375;46584.3984375;46584.3984375;46584.3984375;31965184;BTC-USD
2021-09-08 13:07:00+01:00;46612.984375;46612.984375;46612.984375;46612.984375;46612.984375;6004736;BTC-USD
2021-09-08 13:08:00+01:00;46623.640625;46623.640625;46623.640625;46623.640625;46623.640625;26574848;BTC-USD
2021-09-08 13:09:00+01:00;46663.953125;46663.953125;46663.953125;46663.953125;46663.953125;23793664;BTC-USD
2021-09-08 13:10:00+01:00;46615.90625;46615.90625;46615.90625;46615.90625;46615.90625;8720384;BTC-USD
2021-09-08 13:11:00+01:00;46518.34765625;46518.34765625;46518.34765625;46518.34765625;46518.34765625;0;BTC-USD
2021-09-08 13:12:00+01:00;46567.7734375;46567.7734375;46567.7734375;46567.7734375;46567.7734375;0;BTC-USD
2021-09-08 13:13:00+01:00;46514.3828125;46514.3828125;46514.3828125;46514.3828125;46514.3828125;0;BTC-USD
2021-09-08 13:14:00+01:00;46517.70703125;46517.70703125;46517.70703125;46517.70703125;46517.70703125;0;BTC-USD
2021-09-08 13:15:00+01:00;46505.10546875;46505.10546875;46505.10546875;46505.10546875;46505.10546875;0;BTC-USD
2021-09-08 13:16:00+01:00;46522.58984375;46522.58984375;46522.58984375;46522.58984375;46522.58984375;0;BTC-USD
2021-09-08 13:17:00+01:00;46541.06640625;46541.06640625;46541.06640625;46541.06640625;46541.06640625;12095488;BTC-USD
2021-09-08 13:18:00+01:00;46567.3359375;46567.3359375;46567.3359375;46567.3359375;46567.3359375;18853888;BTC-USD
2021-09-08 13:19:00+01:00;46589.4140625;46589.4140625;46589.4140625;46589.4140625;46589.4140625;0;BTC-USD
2021-09-08 13:20:00+01:00;46570.078125;46570.078125;46570.078125;46570.078125;46570.078125;2465792;BTC-USD
2021-09-08 13:21:00+01:00;46598.19921875;46598.19921875;46598.19921875;46598.19921875;46598.19921875;11468800;BTC-USD
2021-09-08 13:22:00+01:00;46556.59765625;46556.59765625;46556.59765625;46556.59765625;46556.59765625;15478784;BTC-USD
2021-09-08 13:23:00+01:00;46560.3203125;46560.3203125;46560.3203125;46560.3203125;46560.3203125;0;BTC-USD
2021-09-08 13:24:00+01:00;46581.77734375;46581.77734375;46581.77734375;46581.77734375;46581.77734375;14594048;BTC-USD
2021-09-08 13:25:00+01:00;46590.21484375;46590.21484375;46590.21484375;46590.21484375;46590.21484375;0;BTC-USD
2021-09-08 13:26:00+01:00;46604.390625;46604.390625;46604.390625;46604.390625;46604.390625;5267456;BTC-USD
2021-09-08 13:27:00+01:00;46609.0078125;46609.0078125;46609.0078125;46609.0078125;46609.0078125;0;BTC-USD
2021-09-08 13:28:00+01:00;46582.984375;46582.984375;46582.984375;46582.984375;46582.984375;49299456;BTC-USD
2021-09-08 13:29:00+01:00;46627.30078125;46627.30078125;46627.30078125;46627.30078125;46627.30078125;7061504;BTC-USD
2021-09-08 13:30:00+01:00;46640.625;46640.625;46640.625;46640.625;46640.625;18673664;BTC-USD
2021-09-08 13:31:00+01:00;46584.91796875;46584.91796875;46584.91796875;46584.91796875;46584.91796875;0;BTC-USD
2021-09-08 13:32:00+01:00;46534.01953125;46534.01953125;46534.01953125;46534.01953125;46534.01953125;0;BTC-USD
2021-09-08 13:33:00+01:00;46562.47265625;46562.47265625;46562.47265625;46562.47265625;46562.47265625;0;BTC-USD
2021-09-08 13:34:00+01:00;46553.11328125;46553.11328125;46553.11328125;46553.11328125;46553.11328125;0;BTC-USD
2021-09-08 13:35:00+01:00;46602.26171875;46602.26171875;46602.26171875;46602.26171875;46602.26171875;12308480;BTC-USD
2021-09-08 13:36:00+01:00;46566.078125;46566.078125;46566.078125;46566.078125;46566.078125;0;BTC-USD
2021-09-08 13:37:00+01:00;46565.79296875;46565.79296875;46565.79296875;46565.79296875;46565.79296875;22237184;BTC-USD
2021-09-08 13:38:00+01:00;46601.37890625;46601.37890625;46601.37890625;46601.37890625;46601.37890625;16777216;BTC-USD
2021-09-08 13:39:00+01:00;46568.0703125;46568.0703125;46568.0703125;46568.0703125;46568.0703125;0;BTC-USD
2021-09-08 13:40:00+01:00;46632.640625;46632.640625;46632.640625;46632.640625;46632.640625;32382976;BTC-USD
2021-09-08 13:41:00+01:00;46656.25390625;46656.25390625;46656.25390625;46656.25390625;46656.25390625;36892672;BTC-USD
2021-09-08 13:42:00+01:00;46646.1796875;46646.1796875;46646.1796875;46646.1796875;46646.1796875;18104320;BTC-USD
2021-09-08 13:43:00+01:00;46656.62890625;46656.62890625;46656.62890625;46656.62890625;46656.62890625;29417472;BTC-USD
2021-09-08 13:44:00+01:00;46694.35546875;46694.35546875;46694.35546875;46694.35546875;46694.35546875;22036480;BTC-USD
2021-09-08 13:45:00+01:00;46656.39453125;46656.39453125;46656.39453125;46656.39453125;46656.39453125;5111808;BTC-USD
2021-09-08 13:46:00+01:00;46543.16796875;46543.16796875;46543.16796875;46543.16796875;46543.16796875;0;BTC-USD
2021-09-08 13:47:00+01:00;46474.9609375;46474.9609375;46474.9609375;46474.9609375;46474.9609375;0;BTC-USD
2021-09-08 13:48:00+01:00;46426.421875;46426.421875;46426.421875;46426.421875;46426.421875;0;BTC-USD
2021-09-08 13:49:00+01:00;46199.828125;46199.828125;46199.828125;46199.828125;46199.828125;0;BTC-USD
2021-09-08 13:50:00+01:00;46297.09765625;46297.09765625;46297.09765625;46297.09765625;46297.09765625;0;BTC-USD
2021-09-08 13:51:00+01:00;46343.87890625;46343.87890625;46343.87890625;46343.87890625;46343.87890625;42565632;BTC-USD
2021-09-08 13:52:00+01:00;46320.96875;46320.96875;46320.96875;46320.96875;46320.96875;36212736;BTC-USD
2021-09-08 13:53:00+01:00;46352.1875;46352.1875;46352.1875;46352.1875;46352.1875;4206592;BTC-USD
2021-09-08 13:54:00+01:00;46340.7421875;46340.7421875;46340.7421875;46340.7421875;46340.7421875;11354112;BTC-USD
2021-09-08 13:55:00+01:00;46305.20703125;46305.20703125;46305.20703125;46305.20703125;46305.20703125;0;BTC-USD
2021-09-08 13:56:00+01:00;46289.9609375;46289.9609375;46289.9609375;46289.9609375;46289.9609375;0;BTC-USD
2021-09-08 13:57:00+01:00;46329.3671875;46329.3671875;46329.3671875;46329.3671875;46329.3671875;5152768;BTC-USD
2021-09-08 13:58:00+01:00;46305.890625;46305.890625;46305.890625;46305.890625;46305.890625;38019072;BTC-USD
2021-09-08 13:59:00+01:00;46282.78515625;46282.78515625;46282.78515625;46282.78515625;46282.78515625;0;BTC-USD
2021-09-08 14:00:00+01:00;46278.91796875;46278.91796875;46278.91796875;46278.91796875;46278.91796875;0;BTC-USD
2021-09-08 14:01:00+01:00;46322.02734375;46322.02734375;46322.02734375;46322.02734375;46322.02734375;0;BTC-USD
2021-09-08 14:02:00+01:00;46365.0703125;46365.0703125;46365.0703125;46365.0703125;46365.0703125;34242560;BTC-USD
2021-09-08 14:03:00+01:00;46357.7265625;46357.7265625;46357.7265625;46357.7265625;46357.7265625;6397952;BTC-USD
2021-09-08 14:04:00+01:00;46368.171875;46368.171875;46368.171875;46368.171875;46368.171875;45789184;BTC-USD
2021-09-08 14:05:00+01:00;46404.8984375;46404.8984375;46404.8984375;46404.8984375;46404.8984375;16244736;BTC-USD
2021-09-08 14:06:00+01:00;46410.45703125;46410.45703125;46410.45703125;46410.45703125;46410.45703125;21106688;BTC-USD
2021-09-08 14:07:00+01:00;46413.4296875;46413.4296875;46413.4296875;46413.4296875;46413.4296875;11173888;BTC-USD
2021-09-08 14:08:00+01:00;46396.45703125;46396.45703125;46396.45703125;46396.45703125;46396.45703125;0;BTC-USD
2021-09-08 14:09:00+01:00;46407.69140625;46407.69140625;46407.69140625;46407.69140625;46407.69140625;0;BTC-USD
2021-09-08 14:10:00+01:00;46429.80859375;46429.80859375;46429.80859375;46429.80859375;46429.80859375;44974080;BTC-USD
2021-09-08 14:11:00+01:00;46451.4296875;46451.4296875;46451.4296875;46451.4296875;46451.4296875;16691200;BTC-USD
2021-09-08 14:12:00+01:00;46481.84765625;46481.84765625;46481.84765625;46481.84765625;46481.84765625;24465408;BTC-USD
2021-09-08 14:13:00+01:00;46448.50390625;46448.50390625;46448.50390625;46448.50390625;46448.50390625;6225920;BTC-USD
2021-09-08 14:14:00+01:00;46379.015625;46379.015625;46379.015625;46379.015625;46379.015625;0;BTC-USD
2021-09-08 14:15:00+01:00;46375.375;46375.375;46375.375;46375.375;46375.375;0;BTC-USD
2021-09-08 14:16:00+01:00;46374.8046875;46374.8046875;46374.8046875;46374.8046875;46374.8046875;0;BTC-USD
2021-09-08 14:17:00+01:00;46315.58984375;46315.58984375;46315.58984375;46315.58984375;46315.58984375;0;BTC-USD
2021-09-08 14:18:00+01:00;46250.578125;46250.578125;46250.578125;46250.578125;46250.578125;0;BTC-USD
2021-09-08 14:19:00+01:00;46120.22265625;46120.22265625;46120.22265625;46120.22265625;46120.22265625;0;BTC-USD
2021-09-08 14:20:00+01:00;45989.01953125;45989.01953125;45989.01953125;45989.01953125;45989.01953125;0;BTC-USD
2021-09-08 14:21:00+01:00;45968.7109375;45968.7109375;45968.7109375;45968.7109375;45968.7109375;0;BTC-USD
2021-09-08 14:22:00+01:00;45930.40625;45930.40625;45930.40625;45930.40625;45930.40625;0;BTC-USD
2021-09-08 14:23:02+01:00;45844.55859375;45844.55859375;45844.55859375;45844.55859375;45844.55859375;0;BTC-USD
